id,terrestrial_date,sol,ls,month,min_temp,pressure
2,2012-00-08/16/12,10,155,6,-75.0,739.0
13,2012-00-08/17/12,11,156,6,-76.0,740.0
24,2012-00-08/18/12,12,156,6,-76.0,741.0
35,2012-00-08/19/12,13,157,6,-74.0,732.0
46,2012-00-08/20/12,14,157,6,-74.0,740.0
57,2012-00-08/21/12,15,158,6,-78.0,740.0
68,2012-00-08/22/12,16,158,6,-77.0,740.0
79,2012-00-08/23/12,17,159,6,-76.0,742.0
112,2012-00-08/27/12,21,161,6,-74.0,741.0
114,2012-00-08/28/12,22,162,6,-74.0,742.0
123,2012-00-08/29/12,23,162,6,-75.0,741.0
134,2012-00-08/30/12,24,163,6,-75.0,742.0
145,2012-00-08/31/12,25,163,6,-75.0,743.0
156,2012-00-09/01/12,26,164,6,-76.0,745.0
163,2012-00-09/02/12,27,164,6,-75.0,743.0
170,2012-00-09/03/12,28,165,6,-75.0,745.0
171,2012-00-09/04/12,29,166,6,-75.0,747.0
172,2012-00-09/05/12,30,166,6,-74.0,747.0
173,2012-00-09/06/12,31,167,6,-74.0,745.0
175,2012-00-09/08/12,33,168,6,-73.0,748.0
176,2012-00-09/10/12,34,168,6,-73.0,748.0
177,2012-00-09/11/12,35,169,6,-73.0,749.0
178,2012-00-09/12/12,36,169,6,-73.0,750.0
179,2012-00-09/13/12,37,170,6,-73.0,750.0
180,2012-00-09/14/12,38,171,6,-73.0,750.0
181,2012-00-09/15/12,39,171,6,-75.0,751.0
182,2012-00-09/16/12,40,172,6,-75.0,753.0
183,2012-00-09/17/12,41,172,6,-75.0,753.0
184,2012-00-09/18/12,42,173,6,-75.0,754.0
185,2012-00-09/19/12,43,173,6,-74.0,756.0
186,2012-00-09/20/12,44,174,6,-75.0,757.0
187,2012-00-09/21/12,45,175,6,-74.0,758.0
188,2012-00-09/22/12,46,175,6,-74.0,758.0
189,2012-00-09/23/12,47,176,6,-75.0,758.0
190,2012-00-09/24/12,48,176,6,-75.0,759.0
191,2012-00-09/25/12,49,177,6,-74.0,761.0
192,2012-00-09/26/12,50,177,6,-72.0,761.0
193,2012-00-09/27/12,51,178,6,-76.0,762.0
194,2012-00-09/28/12,52,179,6,-74.0,762.0
195,2012-00-09/29/12,53,179,6,-71.0,764.0
196,2012-00-09/30/12,54,180,7,-72.0,766.0
197,2012-00-10/01/12,55,180,7,-74.0,766.0
198,2012-00-10/02/12,56,181,7,-73.0,768.0
199,2012-00-10/03/12,57,181,7,-73.0,769.0
200,2012-00-10/04/12,58,182,7,-74.0,769.0
201,2012-00-10/05/12,59,183,7,-76.0,771.0
202,2012-00-10/06/12,60,183,7,-75.0,772.0
203,2012-00-10/07/12,61,184,7,-72.0,772.0
204,2012-00-10/08/12,62,184,7,-72.0,774.0
205,2012-00-10/09/12,63,185,7,-73.0,775.0
206,2012-00-10/10/12,64,186,7,-74.0,776.0
207,2012-00-10/11/12,65,186,7,-72.0,777.0
208,2012-00-10/12/12,66,187,7,-73.0,778.0
209,2012-00-10/13/12,67,187,7,-73.0,780.0
210,2012-00-10/14/12,68,188,7,-71.0,781.0
211,2012-00-10/15/12,69,189,7,-73.0,778.0
212,2012-00-10/17/12,70,189,7,-72.0,783.0
213,2012-00-10/18/12,71,190,7,-71.0,784.0
214,2012-00-10/19/12,72,190,7,-73.0,785.0
215,2012-00-10/20/12,73,191,7,-70.0,788.0
216,2012-00-10/21/12,74,192,7,-72.0,790.0
217,2012-00-10/22/12,75,192,7,-73.0,791.0
218,2012-00-10/23/12,76,193,7,-73.0,792.0
219,2012-00-10/24/12,77,193,7,-71.0,792.0
220,2012-00-10/25/12,78,194,7,-71.0,793.0
221,2012-00-10/26/12,79,195,7,-73.0,795.0
222,2012-00-10/27/12,80,195,7,-70.0,796.0
223,2012-00-10/28/12,81,196,7,-72.0,798.0
224,2012-00-10/29/12,82,196,7,-72.0,799.0
225,2012-00-10/30/12,83,197,7,-72.0,801.0
226,2012-00-10/31/12,84,198,7,-70.0,801.0
227,2012-00-11/01/12,85,198,7,-71.0,805.0
228,2012-00-11/02/12,86,199,7,-71.0,808.0
229,2012-00-11/03/12,87,199,7,-70.0,808.0
230,2012-00-11/04/12,88,200,7,-70.0,811.0
231,2012-00-11/05/12,89,201,7,-73.0,813.0
233,2012-00-11/06/12,90,201,7,-71.0,813.0
234,2012-00-11/07/12,91,202,7,-74.0,817.0
235,2012-00-11/08/12,92,202,7,-74.0,820.0
236,2012-00-11/09/12,93,203,7,-72.0,819.0
237,2012-00-11/10/12,94,204,7,-70.0,822.0
238,2012-00-11/11/12,95,204,7,-68.0,822.0
239,2012-00-11/12/12,96,205,7,-71.0,826.0
240,2012-00-11/13/12,97,206,7,-68.0,828.0
241,2012-00-11/14/12,98,206,7,-68.0,828.0
242,2012-00-11/15/12,99,207,7,-68.0,829.0
3,2012-00-11/16/12,100,207,7,-66.0,829.0
4,2012-00-11/17/12,101,208,7,-65.0,830.0
5,2012-00-11/18/12,102,209,7,-67.0,833.0
6,2012-00-11/19/12,103,209,7,-66.0,836.0
7,2012-00-11/20/12,104,210,8,-67.0,838.0
8,2012-00-11/21/12,105,211,8,-66.0,839.0
9,2012-00-11/23/12,106,211,8,-66.0,841.0
10,2012-00-11/24/12,107,212,8,-66.0,844.0
11,2012-00-11/25/12,108,212,8,-65.0,845.0
12,2012-00-11/26/12,109,213,8,-64.0,844.0
14,2012-00-11/27/12,110,214,8,-65.0,848.0
15,2012-00-11/28/12,111,214,8,-66.0,849.0
16,2012-00-11/29/12,112,215,8,-65.0,852.0
17,2012-00-11/30/12,113,216,8,-66.0,857.0
18,2012-00-12/01/12,114,216,8,-69.0,857.0
19,2012-00-12/02/12,115,217,8,-66.0,857.0
20,2012-00-12/03/12,116,217,8,-67.0,859.0
21,2012-00-12/04/12,117,218,8,-66.0,861.0
22,2012-00-12/05/12,118,219,8,-65.0,864.0
23,2012-00-12/06/12,119,219,8,-66.0,866.0
25,2012-00-12/07/12,120,220,8,-67.0,867.0
26,2012-00-12/08/12,121,221,8,-66.0,869.0
27,2012-00-12/09/12,122,221,8,-65.0,869.0
28,2012-00-12/10/12,123,222,8,-66.0,875.0
29,2012-00-12/11/12,124,223,8,-66.0,876.0
30,2012-00-12/12/12,125,223,8,-68.0,880.0
31,2012-00-12/13/12,126,224,8,-66.0,880.0
32,2012-00-12/14/12,127,224,8,-67.0,884.0
33,2012-00-12/15/12,128,225,8,-67.0,883.0
34,2012-00-12/16/12,129,226,8,-65.0,886.0
36,2012-00-12/17/12,130,226,8,-65.0,888.0
37,2012-00-12/18/12,131,227,8,-65.0,889.0
38,2012-00-12/19/12,132,228,8,-65.0,890.0
39,2012-00-12/20/12,133,228,8,-65.0,891.0
40,2012-00-12/21/12,134,229,8,-67.0,893.0
41,2012-00-12/22/12,135,230,8,-65.0,894.0
42,2012-00-12/23/12,136,230,8,-65.0,897.0
43,2012-00-12/24/12,137,231,8,-64.0,896.0
44,2012-00-12/25/12,138,232,8,-65.0,899.0
45,2012-00-12/26/12,139,232,8,-66.0,899.0
47,2012-00-12/27/12,140,233,8,-66.0,903.0
48,2012-00-12/28/12,141,233,8,-64.0,904.0
49,2012-00-12/29/12,142,234,8,-65.0,906.0
50,2012-00-12/31/12,143,235,8,-63.0,908.0
51,2013-00-01/01/13,144,235,8,-64.0,907.0
52,2013-00-01/02/13,145,236,8,-64.0,909.0
53,2013-00-01/03/13,146,237,8,-65.0,908.0
54,2013-00-01/04/13,147,237,8,-65.0,914.0
55,2013-00-01/05/13,148,238,8,-65.0,912.0
56,2013-00-01/06/13,149,239,8,-65.0,914.0
58,2013-00-01/07/13,150,239,8,-64.0,913.0
59,2013-00-01/08/13,151,240,9,-65.0,915.0
60,2013-00-01/09/13,152,241,9,-63.0,914.0
61,2013-00-01/10/13,153,241,9,-65.0,915.0
62,2013-00-01/11/13,154,242,9,-65.0,917.0
63,2013-00-01/12/13,155,243,9,-64.0,917.0
64,2013-00-01/13/13,156,243,9,-65.0,922.0
65,2013-00-01/14/13,157,244,9,-64.0,920.0
66,2013-00-01/15/13,158,245,9,-66.0,922.0
67,2013-00-01/16/13,159,245,9,-65.0,918.0
69,2013-00-01/17/13,160,246,9,-67.0,919.0
70,2013-00-01/18/13,161,246,9,-65.0,919.0
71,2013-00-01/19/13,162,247,9,-65.0,919.0
72,2013-00-01/20/13,163,248,9,-65.0,919.0
73,2013-00-01/21/13,164,248,9,-64.0,919.0
74,2013-00-01/22/13,165,249,9,-65.0,922.0
75,2013-00-01/23/13,166,250,9,-65.0,922.0
76,2013-00-01/24/13,167,250,9,-65.0,920.0
77,2013-00-01/25/13,168,251,9,-66.0,923.0
78,2013-00-01/26/13,169,252,9,-66.0,922.0
80,2013-00-01/27/13,170,252,9,-66.0,925.0
81,2013-00-01/28/13,171,253,9,-67.0,925.0
82,2013-00-01/29/13,172,254,9,-67.0,923.0
83,2013-00-01/30/13,173,254,9,-67.0,920.0
84,2013-00-01/31/13,174,255,9,-67.0,921.0
85,2013-00-02/01/13,175,256,9,-68.0,921.0
86,2013-00-02/02/13,176,256,9,-67.0,920.0
87,2013-00-02/03/13,177,257,9,-66.0,921.0
88,2013-00-02/04/13,178,258,9,-66.0,920.0
89,2013-00-02/06/13,179,258,9,-66.0,920.0
91,2013-00-02/07/13,180,259,9,-67.0,919.0
92,2013-00-02/08/13,181,260,9,-67.0,918.0
93,2013-00-02/09/13,182,260,9,-67.0,921.0
94,2013-00-02/10/13,183,261,9,-67.0,921.0
95,2013-00-02/11/13,184,261,9,-67.0,923.0
96,2013-00-02/12/13,185,262,9,-67.0,923.0
97,2013-00-02/13/13,186,263,9,-66.0,922.0
98,2013-00-02/14/13,187,263,9,-67.0,921.0
99,2013-00-02/15/13,188,264,9,-68.0,920.0
100,2013-00-02/16/13,189,265,9,-68.0,920.0
102,2013-00-02/17/13,190,265,9,-66.0,917.0
103,2013-00-02/18/13,191,266,9,-67.0,921.0
106,2013-00-02/23/13,196,269,9,-66.0,916.0
107,2013-00-02/24/13,197,270,10,-68.0,915.0
108,2013-00-02/25/13,198,271,10,-67.0,914.0
109,2013-00-02/26/13,199,271,10,-66.0,917.0
116,2013-00-03/23/13,223,287,10,-71.0,895.0
117,2013-00-03/24/13,224,287,10,-69.0,894.0
118,2013-00-03/25/13,225,288,10,-71.0,894.0
119,2013-00-03/26/13,226,288,10,-70.0,894.0
120,2013-00-03/27/13,227,289,10,-70.0,892.0
121,2013-00-03/28/13,228,290,10,-71.0,894.0
122,2013-00-03/29/13,229,290,10,-69.0,894.0
124,2013-00-03/30/13,230,291,10,-69.0,888.0
125,2013-00-03/31/13,231,292,10,-71.0,890.0
126,2013-00-04/01/13,232,292,10,-69.0,888.0
127,2013-00-04/02/13,233,293,10,-69.0,889.0
128,2013-00-04/03/13,234,293,10,-69.0,890.0
129,2013-00-04/04/13,235,294,10,-70.0,886.0
130,2013-00-04/05/13,236,295,10,-72.0,886.0
131,2013-00-04/06/13,237,295,10,-71.0,883.0
132,2013-00-04/07/13,238,296,10,-70.0,885.0
133,2013-00-04/08/13,239,297,10,-73.0,885.0
135,2013-00-04/09/13,240,297,10,-70.0,884.0
136,2013-00-04/10/13,241,298,10,-72.0,884.0
137,2013-00-04/11/13,242,298,10,-70.0,881.0
138,2013-00-04/12/13,243,299,10,-71.0,884.0
139,2013-00-04/13/13,244,300,11,-69.0,878.0
140,2013-00-04/14/13,245,300,11,-70.0,879.0
141,2013-00-04/15/13,246,301,11,-73.0,878.0
142,2013-00-04/16/13,247,301,11,-71.0,873.0
143,2013-00-04/17/13,248,302,11,-70.0,877.0
144,2013-00-04/18/13,249,303,11,-69.0,873.0
146,2013-00-04/19/13,250,303,11,-70.0,877.0
147,2013-00-04/20/13,251,304,11,-71.0,876.0
148,2013-00-04/22/13,252,304,11,-71.0,874.0
149,2013-00-04/23/13,253,305,11,-71.0,877.0
150,2013-00-04/24/13,254,306,11,-70.0,871.0
151,2013-00-04/25/13,255,306,11,-69.0,877.0
152,2013-00-04/26/13,256,307,11,-70.0,871.0
153,2013-00-04/27/13,257,308,11,-70.0,871.0
154,2013-00-04/28/13,258,308,11,-71.0,869.0
155,2013-00-04/29/13,259,309,11,-72.0,871.0
157,2013-00-04/30/13,260,309,11,-70.0,875.0
158,2013-00-05/01/13,261,310,11,-70.0,868.0
161,2013-00-05/08/13,268,314,11,-70.0,864.0
162,2013-00-05/09/13,269,315,11,-72.0,866.0
164,2013-00-05/10/13,270,315,11,-67.0,863.0
165,2013-00-05/11/13,271,316,11,-69.0,864.0
166,2013-00-05/12/13,272,316,11,-71.0,864.0
167,2013-00-05/13/13,273,317,11,-70.0,861.0
168,2013-00-05/14/13,274,318,11,-70.0,861.0
169,2013-00-05/15/13,275,318,11,-67.0,860.0
244,2013-00-05/16/13,276,319,11,-69.0,858.0
245,2013-00-05/17/13,277,319,11,-69.0,857.0
246,2013-00-05/18/13,278,320,11,-67.0,855.0
247,2013-00-05/19/13,279,321,11,-68.0,856.0
248,2013-00-05/20/13,280,321,11,-69.0,856.0
249,2013-00-05/21/13,281,322,11,-68.0,855.0
250,2013-00-05/22/13,282,322,11,-72.0,856.0
251,2013-00-05/23/13,283,323,11,-68.0,854.0
252,2013-00-05/24/13,284,323,11,-71.0,854.0
253,2013-00-05/25/13,285,324,11,-70.0,852.0
254,2013-00-05/26/13,286,325,11,-71.0,854.0
255,2013-00-05/27/13,287,325,11,-72.0,856.0
256,2013-00-05/29/13,288,326,11,-69.0,854.0
257,2013-00-05/30/13,289,326,11,-71.0,854.0
258,2013-00-05/31/13,290,327,11,-71.0,853.0
259,2013-00-06/01/13,291,327,11,-70.0,853.0
260,2013-00-06/02/13,292,328,11,-71.0,853.0
261,2013-00-06/03/13,293,329,11,-72.0,850.0
262,2013-00-06/04/13,294,329,11,-72.0,852.0
263,2013-00-06/05/13,295,330,12,-71.0,853.0
264,2013-00-06/06/13,296,330,12,-71.0,850.0
265,2013-00-06/07/13,297,331,12,-72.0,849.0
266,2013-00-06/08/13,298,331,12,-72.0,850.0
267,2013-00-06/09/13,299,332,12,-71.0,849.0
286,2013-00-06/10/13,300,333,12,-72.0,852.0
276,2013-00-06/11/13,301,333,12,-73.0,852.0
287,2013-00-06/12/13,302,334,12,-71.0,850.0
283,2013-00-06/13/13,303,334,12,-71.0,849.0
281,2013-00-06/14/13,304,335,12,-70.0,848.0
275,2013-00-06/15/13,305,335,12,-71.0,847.0
280,2013-00-06/16/13,306,336,12,-71.0,848.0
279,2013-00-06/17/13,307,336,12,-72.0,851.0
282,2013-00-06/18/13,308,337,12,-73.0,850.0
284,2013-00-06/19/13,309,338,12,-72.0,848.0
278,2013-00-06/20/13,310,338,12,-71.0,849.0
277,2013-00-06/21/13,311,339,12,-74.0,846.0
285,2013-00-06/22/13,312,339,12,-71.0,845.0
274,2013-00-06/23/13,313,340,12,-77.0,849.0
272,2013-00-06/24/13,314,340,12,-73.0,848.0
273,2013-00-06/25/13,315,341,12,-74.0,850.0
288,2013-00-06/26/13,316,341,12,-74.0,851.0
268,2013-00-06/27/13,317,342,12,-72.0,849.0
270,2013-00-06/28/13,318,342,12,-74.0,849.0
271,2013-00-06/29/13,319,343,12,-73.0,847.0
269,2013-00-06/30/13,320,344,12,-74.0,846.0
289,2013-00-07/01/13,321,344,12,-75.0,847.0
291,2013-00-07/02/13,322,345,12,-74.0,849.0
290,2013-00-07/03/13,323,345,12,-74.0,847.0
292,2013-00-07/04/13,324,346,12,-75.0,850.0
294,2013-00-07/06/13,325,346,12,-74.0,847.0
295,2013-00-07/07/13,326,347,12,-72.0,848.0
296,2013-00-07/08/13,327,347,12,-74.0,848.0
293,2013-00-07/09/13,328,348,12,-75.0,847.0
298,2013-00-07/10/13,329,348,12,-74.0,847.0
297,2013-00-07/11/13,330,349,12,-75.0,848.0
303,2013-00-07/12/13,331,349,12,-74.0,848.0
300,2013-00-07/13/13,332,350,12,-76.0,849.0
299,2013-00-07/14/13,333,350,12,-75.0,849.0
301,2013-00-07/15/13,334,351,12,-74.0,852.0
302,2013-00-07/16/13,335,352,12,-76.0,852.0
305,2013-00-07/17/13,336,352,12,-76.0,852.0
304,2013-00-07/18/13,337,353,12,-75.0,853.0
306,2013-00-07/19/13,338,353,12,-78.0,848.0
308,2013-00-07/20/13,339,354,12,-76.0,849.0
307,2013-00-07/21/13,340,354,12,-76.0,851.0
310,2013-00-07/22/13,341,355,12,-77.0,852.0
309,2013-00-07/23/13,342,355,12,-76.0,851.0
311,2013-00-07/24/13,343,356,12,-77.0,850.0
317,2013-00-07/25/13,344,356,12,-77.0,851.0
312,2013-00-07/26/13,345,357,12,-77.0,853.0
314,2013-00-07/27/13,346,357,12,-76.0,853.0
313,2013-00-07/28/13,347,358,12,-77.0,851.0
315,2013-00-07/29/13,348,358,12,-74.0,850.0
316,2013-00-07/30/13,349,359,12,-75.0,852.0
318,2013-00-07/31/13,350,359,12,-76.0,853.0
320,2013-00-08/01/13,351,0,1,-75.0,853.0
319,2013-00-08/02/13,352,0,1,-77.0,854.0
323,2013-00-08/03/13,353,1,1,-75.0,855.0
322,2013-00-08/04/13,354,1,1,-75.0,857.0
321,2013-00-08/05/13,355,2,1,-75.0,857.0
324,2013-00-08/06/13,356,2,1,-77.0,856.0
325,2013-00-08/07/13,357,3,1,-76.0,857.0
326,2013-00-08/17/13,366,7,1,-76.0,861.0
328,2013-00-08/18/13,367,8,1,-76.0,862.0
330,2013-00-08/19/13,368,8,1,-77.0,863.0
331,2013-00-08/20/13,369,9,1,-75.0,865.0
332,2013-00-08/21/13,370,9,1,-79.0,865.0
333,2013-00-08/22/13,371,10,1,-77.0,865.0
334,2013-00-08/23/13,372,10,1,-76.0,866.0
335,2013-00-08/24/13,373,11,1,-79.0,866.0
337,2013-00-08/25/13,374,11,1,-79.0,866.0
336,2013-00-08/26/13,375,12,1,-77.0,867.0
340,2013-00-08/27/13,376,12,1,-78.0,870.0
338,2013-00-08/28/13,377,13,1,-78.0,870.0
339,2013-00-08/29/13,378,13,1,-78.0,869.0
341,2013-00-08/30/13,379,14,1,-79.0,870.0
343,2013-00-08/31/13,380,14,1,-79.0,870.0
345,2013-00-09/01/13,381,15,1,-79.0,871.0
344,2013-00-09/02/13,382,15,1,-76.0,872.0
342,2013-00-09/03/13,383,16,1,-77.0,874.0
346,2013-00-09/04/13,384,16,1,-77.0,875.0
351,2013-00-09/05/13,385,17,1,-78.0,874.0
347,2013-00-09/06/13,386,17,1,-77.0,873.0
349,2013-00-09/07/13,387,18,1,-78.0,874.0
350,2013-00-09/08/13,388,18,1,-79.0,875.0
348,2013-00-09/09/13,389,19,1,-79.0,875.0
352,2013-00-09/10/13,390,19,1,-78.0,875.0
353,2013-00-09/11/13,391,20,1,-78.0,875.0
354,2013-00-09/12/13,392,20,1,-77.0,876.0
355,2013-00-09/13/13,393,21,1,-76.0,877.0
356,2013-00-09/14/13,394,21,1,-79.0,878.0
357,2013-00-09/15/13,395,22,1,-77.0,878.0
358,2013-00-09/16/13,396,22,1,-78.0,879.0
359,2013-00-09/18/13,397,23,1,-75.0,880.0
360,2013-00-09/19/13,398,23,1,-79.0,880.0
361,2013-00-09/20/13,399,24,1,-79.0,881.0
363,2013-00-09/21/13,400,24,1,-79.0,881.0
362,2013-00-09/22/13,401,25,1,-79.0,882.0
365,2013-00-09/23/13,402,25,1,-78.0,883.0
364,2013-00-09/24/13,403,25,1,-80.0,883.0
367,2013-00-09/25/13,404,26,1,-78.0,884.0
366,2013-00-09/26/13,405,26,1,-82.0,885.0
374,2013-00-09/27/13,406,27,1,-81.0,886.0
370,2013-00-09/28/13,407,27,1,-81.0,887.0
369,2013-00-09/29/13,408,28,1,-80.0,887.0
368,2013-00-09/30/13,409,28,1,-81.0,887.0
373,2013-00-10/01/13,410,29,1,-81.0,888.0
372,2013-00-10/02/13,411,29,1,-82.0,887.0
371,2013-00-10/03/13,412,30,2,-80.0,888.0
376,2013-00-10/04/13,413,30,2,-82.0,888.0
375,2013-00-10/05/13,414,31,2,-79.0,889.0
377,2013-00-10/06/13,415,31,2,-82.0,890.0
378,2013-00-10/07/13,416,32,2,-79.0,889.0
379,2013-00-10/08/13,417,32,2,-82.0,890.0
380,2013-00-10/09/13,418,33,2,-79.0,891.0
381,2013-00-10/10/13,419,33,2,-82.0,891.0
385,2013-00-10/11/13,420,33,2,-80.0,892.0
382,2013-00-10/12/13,421,34,2,-81.0,890.0
384,2013-00-10/13/13,422,34,2,-82.0,891.0
383,2013-00-10/14/13,423,35,2,-81.0,892.0
386,2013-00-10/15/13,424,35,2,-81.0,893.0
393,2013-00-10/16/13,425,36,2,-81.0,893.0
388,2013-00-10/17/13,426,36,2,-79.0,893.0
392,2013-00-10/18/13,427,37,2,-81.0,893.0
391,2013-00-10/19/13,428,37,2,-81.0,894.0
387,2013-00-10/20/13,429,38,2,-82.0,895.0
390,2013-00-10/21/13,430,38,2,-82.0,896.0
389,2013-00-10/22/13,431,39,2,-83.0,895.0
395,2013-00-10/23/13,432,39,2,-80.0,896.0
394,2013-00-10/24/13,433,40,2,-81.0,895.0
397,2013-00-10/26/13,434,40,2,-80.0,896.0
396,2013-00-10/27/13,435,40,2,-81.0,896.0
398,2013-00-10/28/13,436,41,2,-81.0,897.0
399,2013-00-10/29/13,437,41,2,-82.0,898.0
400,2013-00-10/30/13,438,42,2,-79.0,899.0
401,2013-00-10/31/13,439,42,2,-80.0,899.0
404,2013-00-11/01/13,440,43,2,-80.0,899.0
402,2013-00-11/02/13,441,43,2,-81.0,900.0
405,2013-00-11/03/13,442,44,2,-80.0,900.0
403,2013-00-11/04/13,443,44,2,-81.0,901.0
407,2013-00-11/16/13,455,50,2,-84.0,905.0
406,2013-00-11/17/13,456,50,2,-83.0,905.0
409,2013-00-11/24/13,463,53,2,-86.0,906.0
410,2013-00-11/25/13,464,54,2,-84.0,906.0
412,2013-00-11/26/13,465,54,2,-85.0,906.0
415,2013-00-11/27/13,466,55,2,-85.0,907.0
411,2013-00-11/28/13,467,55,2,-84.0,907.0
414,2013-00-11/29/13,468,55,2,-85.0,907.0
413,2013-00-11/30/13,469,56,2,-85.0,908.0
475,2013-00-12/02/13,470,56,2,-85.0,907.0
479,2013-00-12/03/13,471,57,2,-84.0,906.0
416,2013-00-12/04/13,472,57,2,-84.0,907.0
417,2013-00-12/05/13,473,58,2,-86.0,907.0
420,2013-00-12/06/13,474,58,2,-84.0,906.0
419,2013-00-12/07/13,475,59,2,-85.0,906.0
418,2013-00-12/08/13,476,59,2,-85.0,906.0
421,2013-00-12/09/13,477,60,3,-85.0,907.0
422,2013-00-12/18/13,486,64,3,-84.0,904.0
473,2013-00-12/19/13,487,64,3,-85.0,904.0
480,2013-00-12/20/13,488,64,3,-87.0,903.0
423,2013-00-12/21/13,489,65,3,-85.0,904.0
434,2013-00-12/22/13,490,65,3,-87.0,903.0
433,2013-00-12/23/13,491,66,3,-86.0,903.0
427,2013-00-12/24/13,492,66,3,-86.0,903.0
426,2013-00-12/25/13,493,67,3,-84.0,902.0
429,2013-00-12/26/13,494,67,3,-85.0,902.0
431,2013-00-12/27/13,495,68,3,-86.0,900.0
428,2013-00-12/28/13,496,68,3,-85.0,901.0
425,2013-00-12/29/13,497,69,3,-86.0,901.0
424,2013-00-12/30/13,498,69,3,-86.0,901.0
432,2013-00-12/31/13,499,69,3,-84.0,899.0
430,2014-00-01/01/14,500,70,3,-85.0,897.0
435,2014-00-01/02/14,501,70,3,-86.0,898.0
437,2014-00-01/03/14,502,71,3,-87.0,898.0
483,2014-00-01/04/14,503,71,3,-86.0,897.0
436,2014-00-01/05/14,504,72,3,-85.0,895.0
438,2014-00-01/06/14,505,72,3,-85.0,895.0
439,2014-00-01/08/14,506,73,3,-86.0,894.0
440,2014-00-01/09/14,507,73,3,-85.0,894.0
442,2014-00-01/10/14,508,73,3,-83.0,893.0
443,2014-00-01/11/14,509,74,3,-86.0,895.0
441,2014-00-01/12/14,510,74,3,-85.0,892.0
446,2014-00-01/13/14,511,75,3,-85.0,892.0
444,2014-00-01/14/14,512,75,3,-86.0,890.0
445,2014-00-01/15/14,513,76,3,-86.0,889.0
447,2014-00-01/16/14,514,76,3,-86.0,888.0
450,2014-00-01/17/14,515,77,3,-86.0,888.0
449,2014-00-01/18/14,516,77,3,-86.0,888.0
448,2014-00-01/19/14,517,77,3,-86.0,885.0
451,2014-00-01/20/14,518,78,3,-85.0,885.0
452,2014-00-01/21/14,519,78,3,-86.0,884.0
453,2014-00-01/22/14,520,79,3,-86.0,884.0
454,2014-00-01/23/14,521,79,3,-87.0,882.0
455,2014-00-01/24/14,522,80,3,-85.0,881.0
458,2014-00-01/25/14,523,80,3,-85.0,881.0
457,2014-00-01/26/14,524,81,3,-85.0,880.0
456,2014-00-01/27/14,525,81,3,-87.0,878.0
459,2014-00-01/28/14,526,82,3,-87.0,878.0
460,2014-00-01/29/14,527,82,3,-86.0,877.0
461,2014-00-01/30/14,528,82,3,-86.0,876.0
462,2014-00-01/31/14,529,83,3,-87.0,875.0
463,2014-00-02/01/14,530,83,3,-87.0,873.0
465,2014-00-02/02/14,531,84,3,-87.0,872.0
464,2014-00-02/03/14,532,84,3,-88.0,872.0
466,2014-00-02/04/14,533,85,3,-87.0,871.0
467,2014-00-02/05/14,534,85,3,-86.0,869.0
468,2014-00-02/06/14,535,86,3,-88.0,868.0
470,2014-00-02/07/14,536,86,3,-83.0,867.0
469,2014-00-02/08/14,537,86,3,-83.0,865.0
472,2014-00-02/09/14,538,87,3,-85.0,865.0
476,2014-00-02/10/14,539,87,3,-85.0,864.0
481,2014-00-02/11/14,540,88,3,-84.0,862.0
482,2014-00-02/12/14,541,88,3,-84.0,861.0
477,2014-00-02/13/14,542,89,3,-85.0,859.0
486,2014-00-02/15/14,543,89,3,-84.0,858.0
487,2014-00-02/16/14,544,90,4,-86.0,857.0
490,2014-00-02/17/14,545,90,4,-85.0,856.0
489,2014-00-02/18/14,546,91,4,-85.0,855.0
488,2014-00-02/19/14,547,91,4,-85.0,853.0
491,2014-00-02/20/14,548,91,4,-86.0,852.0
492,2014-00-02/21/14,549,92,4,-87.0,851.0
494,2014-00-02/22/14,550,92,4,-85.0,850.0
495,2014-00-02/23/14,551,93,4,-85.0,848.0
493,2014-00-02/24/14,552,93,4,-86.0,847.0
496,2014-00-02/25/14,553,94,4,-84.0,845.0
497,2014-00-02/26/14,554,94,4,-84.0,843.0
499,2014-00-02/27/14,555,95,4,-85.0,843.0
501,2014-00-02/28/14,556,95,4,-85.0,842.0
498,2014-00-03/01/14,557,96,4,-85.0,840.0
500,2014-00-03/02/14,558,96,4,-85.0,839.0
502,2014-00-03/03/14,559,96,4,-85.0,838.0
503,2014-00-03/04/14,560,97,4,-86.0,836.0
504,2014-00-03/05/14,561,97,4,-85.0,835.0
506,2014-00-03/06/14,562,98,4,-85.0,834.0
505,2014-00-03/07/14,563,98,4,-87.0,833.0
509,2014-00-03/08/14,564,99,4,-86.0,831.0
508,2014-00-03/09/14,565,99,4,-85.0,830.0
507,2014-00-03/10/14,566,100,4,-86.0,829.0
510,2014-00-03/11/14,567,100,4,-86.0,827.0
511,2014-00-03/12/14,568,101,4,-86.0,825.0
512,2014-00-03/13/14,569,101,4,-85.0,825.0
513,2014-00-03/14/14,570,102,4,-84.0,823.0
515,2014-00-03/15/14,571,102,4,-84.0,821.0
514,2014-00-03/16/14,572,102,4,-85.0,820.0
516,2014-00-03/17/14,573,103,4,-84.0,819.0
517,2014-00-03/18/14,574,103,4,-85.0,817.0
518,2014-00-03/19/14,575,104,4,-82.0,816.0
520,2014-00-03/20/14,576,104,4,-84.0,815.0
519,2014-00-03/21/14,577,105,4,-84.0,813.0
521,2014-00-03/22/14,578,105,4,-83.0,812.0
522,2014-00-03/24/14,579,106,4,-82.0,811.0
523,2014-00-03/25/14,580,106,4,-83.0,810.0
524,2014-00-03/26/14,581,107,4,-84.0,808.0
525,2014-00-03/27/14,582,107,4,-84.0,807.0
526,2014-00-03/28/14,583,108,4,-82.0,806.0
528,2014-00-03/29/14,584,108,4,-82.0,804.0
527,2014-00-03/30/14,585,109,4,-83.0,802.0
529,2014-00-03/31/14,586,109,4,-82.0,802.0
530,2014-00-04/01/14,587,109,4,-85.0,801.0
532,2014-00-04/02/14,588,110,4,-84.0,799.0
531,2014-00-04/03/14,589,110,4,-85.0,798.0
535,2014-00-04/04/14,590,111,4,-82.0,797.0
533,2014-00-04/05/14,591,111,4,-82.0,795.0
534,2014-00-04/06/14,592,112,4,-83.0,795.0
536,2014-00-04/07/14,593,112,4,-83.0,795.0
537,2014-00-04/08/14,594,113,4,-83.0,793.0
538,2014-00-04/09/14,595,113,4,-83.0,792.0
539,2014-00-04/10/14,596,114,4,-82.0,791.0
540,2014-00-04/11/14,597,114,4,-84.0,790.0
542,2014-00-04/12/14,598,115,4,-84.0,787.0
543,2014-00-04/13/14,599,115,4,-84.0,788.0
541,2014-00-04/14/14,600,116,4,-81.0,787.0
544,2014-00-04/15/14,601,116,4,-82.0,785.0
545,2014-00-04/16/14,602,117,4,-82.0,784.0
548,2014-00-04/17/14,603,117,4,-83.0,783.0
546,2014-00-04/18/14,604,118,4,-84.0,782.0
547,2014-00-04/19/14,605,118,4,-83.0,781.0
549,2014-00-04/20/14,606,118,4,-84.0,780.0
550,2014-00-04/21/14,607,119,4,-83.0,779.0
551,2014-00-04/22/14,608,119,4,-85.0,777.0
552,2014-00-04/23/14,609,120,5,-84.0,777.0
554,2014-00-04/24/14,610,120,5,-85.0,776.0
555,2014-00-04/25/14,611,121,5,-84.0,775.0
553,2014-00-04/26/14,612,121,5,-85.0,774.0
556,2014-00-04/27/14,613,122,5,-84.0,773.0
557,2014-00-04/28/14,614,122,5,-82.0,772.0
558,2014-00-04/29/14,615,123,5,-83.0,771.0
559,2014-00-05/01/14,616,123,5,-82.0,769.0
561,2014-00-05/02/14,617,124,5,-84.0,769.0
562,2014-00-05/03/14,618,124,5,-83.0,769.0
560,2014-00-05/04/14,619,125,5,-82.0,766.0
563,2014-00-05/05/14,620,125,5,-83.0,765.0
564,2014-00-05/06/14,621,126,5,-82.0,765.0
565,2014-00-05/07/14,622,126,5,-84.0,763.0
566,2014-00-05/08/14,623,127,5,-83.0,763.0
568,2014-00-05/09/14,624,127,5,-82.0,762.0
569,2014-00-05/10/14,625,128,5,-81.0,761.0
567,2014-00-05/11/14,626,128,5,-82.0,760.0
570,2014-00-05/12/14,627,129,5,-82.0,759.0
571,2014-00-05/13/14,628,129,5,-81.0,759.0
572,2014-00-05/14/14,629,130,5,-84.0,759.0
573,2014-00-05/15/14,630,130,5,-82.0,757.0
576,2014-00-05/16/14,631,131,5,-81.0,756.0
575,2014-00-05/17/14,632,131,5,-79.0,755.0
574,2014-00-05/18/14,633,132,5,-81.0,754.0
577,2014-00-05/19/14,634,132,5,-82.0,753.0
578,2014-00-05/20/14,635,133,5,-82.0,754.0
582,2014-00-05/21/14,636,133,5,-81.0,752.0
580,2014-00-05/22/14,637,134,5,-80.0,752.0
579,2014-00-05/23/14,638,134,5,-80.0,751.0
581,2014-00-05/24/14,639,135,5,-80.0,750.0
583,2014-00-05/25/14,640,135,5,-81.0,750.0
584,2014-00-05/26/14,641,136,5,-81.0,749.0
585,2014-00-05/27/14,642,136,5,-80.0,749.0
586,2014-00-05/28/14,643,137,5,-80.0,748.0
588,2014-00-05/29/14,644,137,5,-80.0,748.0
589,2014-00-05/30/14,645,138,5,-81.0,746.0
587,2014-00-05/31/14,646,138,5,-81.0,746.0
590,2014-00-06/01/14,647,139,5,-79.0,746.0
591,2014-00-06/02/14,648,139,5,-80.0,746.0
592,2014-00-06/03/14,649,140,5,-79.0,745.0
593,2014-00-06/04/14,650,140,5,-80.0,743.0
595,2014-00-06/05/14,651,141,5,-80.0,743.0
594,2014-00-06/07/14,652,141,5,-79.0,745.0
596,2014-00-06/08/14,653,142,5,-80.0,744.0
597,2014-00-06/09/14,654,142,5,-79.0,742.0
598,2014-00-06/10/14,655,143,5,-77.0,741.0
599,2014-00-06/11/14,656,143,5,-80.0,740.0
600,2014-00-06/12/14,657,144,5,-79.0,739.0
602,2014-00-06/13/14,658,144,5,-79.0,739.0
603,2014-00-06/14/14,659,145,5,-77.0,738.0
601,2014-00-06/15/14,660,145,5,-78.0,735.0
604,2014-00-06/16/14,661,146,5,-76.0,735.0
605,2014-00-06/17/14,662,146,5,-77.0,735.0
609,2014-00-06/18/14,663,147,5,-77.0,734.0
607,2014-00-06/19/14,664,147,5,-78.0,732.0
610,2014-00-06/20/14,665,148,5,-78.0,735.0
608,2014-00-06/21/14,666,148,5,-77.0,736.0
606,2014-00-06/22/14,667,149,5,-76.0,736.0
611,2014-00-06/23/14,668,150,6,-75.0,734.0
613,2014-00-06/24/14,669,150,6,-84.0,735.0
612,2014-00-06/25/14,670,151,6,-79.0,737.0
614,2014-00-06/26/14,671,151,6,-79.0,740.0
615,2014-00-06/27/14,672,152,6,-78.0,739.0
616,2014-00-06/28/14,673,152,6,-78.0,738.0
617,2014-00-06/29/14,674,153,6,-80.0,739.0
618,2014-00-06/30/14,675,153,6,-80.0,740.0
619,2014-00-07/01/14,676,154,6,-80.0,738.0
622,2014-00-07/02/14,677,154,6,-78.0,737.0
621,2014-00-07/03/14,678,155,6,-77.0,739.0
624,2014-00-07/04/14,679,155,6,-77.0,738.0
620,2014-00-07/05/14,680,156,6,-76.0,740.0
623,2014-00-07/06/14,681,156,6,-79.0,738.0
625,2014-00-07/07/14,682,157,6,-77.0,739.0
626,2014-00-07/08/14,683,158,6,-79.0,741.0
627,2014-00-07/09/14,684,158,6,-75.0,741.0
628,2014-00-07/10/14,685,159,6,-77.0,740.0
629,2014-00-07/11/14,686,159,6,-76.0,738.0
630,2014-00-07/12/14,687,160,6,-77.0,739.0
631,2014-00-07/14/14,688,160,6,-77.0,741.0
632,2014-00-07/15/14,689,161,6,-76.0,742.0
633,2014-00-07/16/14,690,161,6,-77.0,741.0
634,2014-00-07/17/14,691,162,6,-76.0,741.0
637,2014-00-07/18/14,692,162,6,-76.0,742.0
636,2014-00-07/19/14,693,163,6,-76.0,741.0
635,2014-00-07/20/14,694,164,6,-75.0,740.0
638,2014-00-07/21/14,695,164,6,-76.0,741.0
639,2014-00-07/22/14,696,165,6,-75.0,743.0
640,2014-00-07/23/14,697,165,6,-74.0,743.0
641,2014-00-07/24/14,698,166,6,-77.0,743.0
642,2014-00-07/25/14,699,166,6,-76.0,744.0
643,2014-00-07/26/14,700,167,6,-75.0,745.0
644,2014-00-07/27/14,701,167,6,-77.0,745.0
645,2014-00-07/28/14,702,168,6,-76.0,745.0
646,2014-00-07/29/14,703,169,6,-75.0,747.0
647,2014-00-07/30/14,704,169,6,-75.0,747.0
648,2014-00-07/31/14,705,170,6,-76.0,746.0
650,2014-00-08/01/14,706,170,6,-76.0,748.0
651,2014-00-08/02/14,707,171,6,-76.0,749.0
649,2014-00-08/03/14,708,171,6,-76.0,749.0
652,2014-00-08/04/14,709,172,6,-73.0,750.0
653,2014-00-08/05/14,710,172,6,-77.0,751.0
654,2014-00-08/06/14,711,173,6,-75.0,751.0
658,2014-00-08/07/14,712,174,6,-77.0,752.0
656,2014-00-08/08/14,713,174,6,-76.0,754.0
655,2014-00-08/09/14,714,175,6,-76.0,754.0
657,2014-00-08/10/14,715,175,6,-73.0,755.0
659,2014-00-08/11/14,716,176,6,-75.0,755.0
661,2014-00-08/12/14,717,176,6,-76.0,756.0
660,2014-00-08/13/14,718,177,6,-77.0,757.0
662,2014-00-08/14/14,719,178,6,-77.0,758.0
663,2014-00-08/15/14,720,178,6,-74.0,760.0
664,2014-00-08/16/14,721,179,6,-73.0,761.0
665,2014-00-08/17/14,722,179,6,-74.0,760.0
666,2014-00-08/18/14,723,180,7,-73.0,761.0
667,2014-00-08/19/14,724,181,7,-74.0,763.0
669,2014-00-08/21/14,725,181,7,-73.0,764.0
668,2014-00-08/22/14,726,182,7,-75.0,766.0
671,2014-00-08/23/14,727,182,7,-76.0,766.0
670,2014-00-08/24/14,728,183,7,-74.0,766.0
672,2014-00-08/25/14,729,183,7,-75.0,768.0
676,2014-00-08/26/14,730,184,7,-76.0,770.0
673,2014-00-08/27/14,731,185,7,-75.0,771.0
677,2014-00-08/28/14,732,185,7,-75.0,773.0
674,2014-00-08/29/14,733,186,7,-74.0,773.0
675,2014-00-08/30/14,734,186,7,-73.0,776.0
678,2014-00-08/31/14,735,187,7,-73.0,776.0
679,2014-00-09/01/14,736,188,7,-76.0,776.0
680,2014-00-09/02/14,737,188,7,-74.0,777.0
681,2014-00-09/03/14,738,189,7,-75.0,778.0
682,2014-00-09/04/14,739,189,7,-77.0,779.0
685,2014-00-09/05/14,740,190,7,-76.0,782.0
683,2014-00-09/06/14,741,191,7,-70.0,784.0
684,2014-00-09/07/14,742,191,7,-72.0,784.0
686,2014-00-09/08/14,743,192,7,-72.0,786.0
687,2014-00-09/09/14,744,192,7,-75.0,786.0
689,2014-00-09/10/14,745,193,7,-74.0,787.0
688,2014-00-09/11/14,746,194,7,-76.0,788.0
691,2014-00-09/12/14,747,194,7,-73.0,789.0
690,2014-00-09/13/14,748,195,7,-71.0,791.0
692,2014-00-09/14/14,749,195,7,-73.0,794.0
693,2014-00-09/15/14,750,196,7,-72.0,796.0
695,2014-00-09/16/14,751,197,7,-72.0,797.0
694,2014-00-09/17/14,752,197,7,-71.0,798.0
698,2014-00-09/18/14,753,198,7,-73.0,800.0
696,2014-00-09/19/14,754,198,7,-73.0,802.0
697,2014-00-09/20/14,755,199,7,-74.0,806.0
699,2014-00-09/21/14,756,200,7,-73.0,806.0
700,2014-00-09/22/14,757,200,7,-73.0,807.0
701,2014-00-09/23/14,758,201,7,-71.0,810.0
702,2014-00-09/24/14,759,201,7,-77.0,809.0
704,2014-00-09/25/14,760,202,7,-70.0,810.0
705,2014-00-09/27/14,761,203,7,-72.0,814.0
703,2014-00-09/28/14,762,203,7,-75.0,814.0
706,2014-00-09/29/14,763,204,7,-78.0,817.0
707,2014-00-09/30/14,764,205,7,-73.0,821.0
708,2014-00-10/01/14,765,205,7,-73.0,820.0
709,2014-00-10/02/14,766,206,7,-70.0,824.0
710,2014-00-10/03/14,767,206,7,-71.0,824.0
712,2014-00-10/04/14,768,207,7,-73.0,826.0
711,2014-00-10/05/14,769,208,7,-73.0,829.0
713,2014-00-10/06/14,770,208,7,-70.0,829.0
714,2014-00-10/07/14,771,209,7,-71.0,836.0
715,2014-00-10/08/14,772,210,8,-71.0,835.0
716,2014-00-10/09/14,773,210,8,-70.0,838.0
719,2014-00-10/10/14,774,211,8,-73.0,838.0
717,2014-00-10/11/14,775,211,8,-71.0,838.0
718,2014-00-10/12/14,776,212,8,-72.0,841.0
720,2014-00-10/13/14,777,213,8,-72.0,841.0
721,2014-00-10/14/14,778,213,8,-70.0,846.0
722,2014-00-10/15/14,779,214,8,-71.0,845.0
723,2014-00-10/16/14,780,215,8,-72.0,852.0
725,2014-00-10/17/14,781,215,8,-74.0,849.0
724,2014-00-10/18/14,782,216,8,-71.0,854.0
727,2014-00-10/19/14,783,216,8,-69.0,853.0
726,2014-00-10/20/14,784,217,8,-69.0,857.0
728,2014-00-10/21/14,785,218,8,-74.0,858.0
729,2014-00-10/22/14,786,218,8,-74.0,861.0
732,2014-00-10/23/14,787,219,8,-73.0,860.0
731,2014-00-10/24/14,788,220,8,-68.0,862.0
730,2014-00-10/25/14,789,220,8,-68.0,862.0
733,2014-00-10/26/14,790,221,8,-68.0,864.0
734,2014-00-10/27/14,791,222,8,-70.0,867.0
735,2014-00-10/28/14,792,222,8,-71.0,873.0
736,2014-00-10/29/14,793,223,8,-71.0,877.0
739,2014-00-10/30/14,794,223,8,-68.0,874.0
738,2014-00-10/31/14,795,224,8,-68.0,875.0
737,2014-00-11/01/14,796,225,8,-65.0,877.0
740,2014-00-11/03/14,797,225,8,-65.0,879.0
741,2014-00-11/04/14,798,226,8,-67.0,883.0
743,2014-00-11/05/14,799,227,8,-70.0,884.0
742,2014-00-11/06/14,800,227,8,-67.0,884.0
746,2014-00-11/07/14,801,228,8,-70.0,884.0
745,2014-00-11/08/14,802,229,8,-69.0,887.0
744,2014-00-11/09/14,803,229,8,-69.0,888.0
747,2014-00-11/10/14,804,230,8,-73.0,891.0
748,2014-00-11/11/14,805,231,8,-70.0,893.0
750,2014-00-11/12/14,806,231,8,-69.0,893.0
749,2014-00-11/13/14,807,232,8,-71.0,892.0
752,2014-00-11/14/14,808,232,8,-67.0,893.0
753,2014-00-11/15/14,809,233,8,-70.0,895.0
751,2014-00-11/16/14,810,234,8,-69.0,897.0
754,2014-00-11/17/14,811,234,8,-71.0,900.0
755,2014-00-11/18/14,812,235,8,-75.0,902.0
756,2014-00-11/19/14,813,236,8,-67.0,904.0
757,2014-00-11/20/14,814,236,8,-68.0,902.0
759,2014-00-11/21/14,815,237,8,-69.0,905.0
758,2014-00-11/22/14,816,238,8,-74.0,909.0
761,2014-00-11/23/14,817,238,8,-69.0,913.0
760,2014-00-11/24/14,818,239,8,-68.0,914.0
763,2014-00-11/25/14,819,240,9,-71.0,913.0
765,2014-00-11/26/14,820,240,9,-68.0,910.0
762,2014-00-11/27/14,821,241,9,-68.0,910.0
764,2014-00-11/28/14,822,242,9,-71.0,911.0
766,2014-00-11/29/14,823,242,9,-69.0,912.0
768,2014-00-11/30/14,824,243,9,-67.0,914.0
767,2014-00-12/01/14,825,243,9,-67.0,914.0
770,2014-00-12/02/14,826,244,9,-68.0,914.0
769,2014-00-12/03/14,827,245,9,-68.0,911.0
771,2014-00-12/04/14,828,245,9,-71.0,914.0
773,2014-00-12/05/14,829,246,9,-71.0,914.0
772,2014-00-12/06/14,830,247,9,-68.0,918.0
774,2014-00-12/07/14,831,247,9,-68.0,920.0
775,2014-00-12/08/14,832,248,9,-68.0,924.0
776,2014-00-12/09/14,833,249,9,-69.0,923.0
777,2014-00-12/11/14,834,249,9,-68.0,918.0
780,2014-00-12/12/14,835,250,9,-69.0,917.0
778,2014-00-12/13/14,836,251,9,-69.0,916.0
779,2014-00-12/14/14,837,251,9,-69.0,916.0
782,2014-00-12/15/14,838,252,9,-69.0,917.0
781,2014-00-12/16/14,839,253,9,-70.0,917.0
783,2014-00-12/17/14,840,253,9,-74.0,913.0
784,2014-00-12/18/14,841,254,9,-75.0,914.0
790,2014-00-12/19/14,842,255,9,-69.0,914.0
793,2014-00-12/20/14,843,255,9,-69.0,916.0
788,2014-00-12/21/14,844,256,9,-68.0,917.0
786,2014-00-12/22/14,845,257,9,-73.0,920.0
785,2014-00-12/23/14,846,257,9,-74.0,925.0
791,2014-00-12/24/14,847,258,9,-69.0,918.0
792,2014-00-12/25/14,848,258,9,-69.0,918.0
787,2014-00-12/26/14,849,259,9,-69.0,918.0
789,2014-00-12/27/14,850,260,9,-68.0,918.0
794,2014-00-12/28/14,851,260,9,-68.0,919.0
797,2014-00-12/29/14,852,261,9,-73.0,916.0
796,2014-00-12/30/14,853,262,9,-67.0,913.0
798,2014-00-12/31/14,854,262,9,-66.0,910.0
799,2015-00-01/01/15,855,263,9,-69.0,912.0
795,2015-00-01/02/15,856,264,9,-68.0,912.0
801,2015-00-01/03/15,857,264,9,-76.0,911.0
800,2015-00-01/04/15,858,265,9,-73.0,913.0
802,2015-00-01/05/15,859,266,9,-72.0,915.0
803,2015-00-01/06/15,860,266,9,-69.0,916.0
804,2015-00-01/07/15,861,267,9,-70.0,917.0
807,2015-00-01/08/15,862,268,9,-70.0,917.0
805,2015-00-01/09/15,863,268,9,-72.0,916.0
806,2015-00-01/10/15,864,269,9,-70.0,914.0
808,2015-00-01/11/15,865,270,10,-70.0,913.0
809,2015-00-01/12/15,866,270,10,-71.0,911.0
810,2015-00-01/13/15,867,271,10,-71.0,910.0
811,2015-00-01/14/15,868,271,10,-71.0,908.0
812,2015-00-01/15/15,869,272,10,-72.0,906.0
813,2015-00-01/17/15,870,273,10,-74.0,909.0
814,2015-00-01/18/15,871,273,10,-70.0,903.0
815,2015-00-01/19/15,872,274,10,-72.0,902.0
817,2015-00-01/28/15,881,280,10,-73.0,899.0
818,2015-00-01/29/15,882,280,10,-76.0,901.0
820,2015-00-01/30/15,883,281,10,-74.0,897.0
821,2015-00-01/31/15,884,282,10,-71.0,897.0
819,2015-00-02/01/15,885,282,10,-71.0,895.0
823,2015-00-02/02/15,886,283,10,-73.0,894.0
822,2015-00-02/03/15,887,284,10,-73.0,897.0
824,2015-00-02/04/15,888,284,10,-70.0,896.0
825,2015-00-02/05/15,889,285,10,-70.0,895.0
826,2015-00-02/06/15,890,286,10,-72.0,892.0
827,2015-00-02/07/15,891,286,10,-72.0,892.0
828,2015-00-02/08/15,892,287,10,-71.0,892.0
829,2015-00-02/09/15,893,287,10,-72.0,890.0
830,2015-00-02/10/15,894,288,10,-75.0,891.0
831,2015-00-02/11/15,895,289,10,-72.0,889.0
833,2015-00-02/12/15,896,289,10,-70.0,888.0
832,2015-00-02/13/15,897,290,10,-72.0,884.0
834,2015-00-02/14/15,898,291,10,-72.0,883.0
835,2015-00-02/15/15,899,291,10,-75.0,881.0
836,2015-00-02/16/15,900,292,10,-70.0,883.0
837,2015-00-02/17/15,901,292,10,-71.0,885.0
838,2015-00-02/18/15,902,293,10,-68.0,883.0
839,2015-00-02/19/15,903,294,10,-71.0,882.0
841,2015-00-02/20/15,904,294,10,-71.0,878.0
840,2015-00-02/21/15,905,295,10,-71.0,880.0
843,2015-00-02/22/15,906,296,10,-76.0,878.0
842,2015-00-02/24/15,907,296,10,-75.0,879.0
844,2015-00-02/25/15,908,297,10,-71.0,883.0
845,2015-00-02/26/15,909,297,10,-70.0,878.0
847,2015-00-02/27/15,910,298,10,-73.0,878.0
846,2015-00-02/28/15,911,299,10,-70.0,874.0
849,2015-00-03/01/15,912,299,10,-75.0,875.0
848,2015-00-03/02/15,913,300,11,-71.0,871.0
850,2015-00-03/03/15,914,300,11,-71.0,874.0
851,2015-00-03/04/15,915,301,11,-71.0,878.0
852,2015-00-03/05/15,916,302,11,-71.0,872.0
854,2015-00-03/06/15,917,302,11,-76.0,871.0
853,2015-00-03/07/15,918,303,11,-71.0,867.0
855,2015-00-03/08/15,919,304,11,-74.0,870.0
856,2015-00-03/09/15,920,304,11,-72.0,868.0
857,2015-00-03/10/15,921,305,11,-70.0,867.0
858,2015-00-03/11/15,922,305,11,-73.0,870.0
859,2015-00-03/12/15,923,306,11,-72.0,867.0
861,2015-00-03/13/15,924,307,11,-74.0,867.0
860,2015-00-03/14/15,925,307,11,-71.0,862.0
862,2015-00-03/15/15,926,308,11,-76.0,864.0
863,2015-00-03/16/15,927,308,11,-76.0,862.0
864,2015-00-03/17/15,928,309,11,-72.0,862.0
865,2015-00-03/18/15,929,310,11,-75.0,866.0
868,2015-00-03/19/15,930,310,11,-75.0,865.0
867,2015-00-03/20/15,931,311,11,-69.0,864.0
866,2015-00-03/21/15,932,311,11,-71.0,859.0
869,2015-00-03/22/15,933,312,11,-71.0,863.0
870,2015-00-03/23/15,934,313,11,-73.0,858.0
872,2015-00-03/24/15,935,313,11,-75.0,862.0
871,2015-00-03/25/15,936,314,11,-72.0,865.0
874,2015-00-03/26/15,937,314,11,-73.0,863.0
876,2015-00-03/29/15,940,316,11,-73.0,861.0
875,2015-00-03/30/15,941,317,11,-74.0,857.0
880,2015-00-03/31/15,942,317,11,-74.0,857.0
877,2015-00-04/02/15,943,318,11,-73.0,854.0
878,2015-00-04/03/15,944,318,11,-70.0,852.0
881,2015-00-04/04/15,945,319,11,-72.0,851.0
879,2015-00-04/05/15,946,320,11,-77.0,850.0
882,2015-00-04/06/15,947,320,11,-70.0,853.0
883,2015-00-04/07/15,948,321,11,-73.0,854.0
884,2015-00-04/08/15,949,321,11,-72.0,851.0
885,2015-00-04/09/15,950,322,11,-73.0,850.0
888,2015-00-04/10/15,951,323,11,-75.0,849.0
886,2015-00-04/11/15,952,323,11,-69.0,847.0
887,2015-00-04/12/15,953,324,11,-71.0,847.0
889,2015-00-04/13/15,954,324,11,-73.0,847.0
892,2015-00-04/17/15,958,327,11,-74.0,848.0
891,2015-00-04/18/15,959,327,11,-78.0,846.0
893,2015-00-04/19/15,960,328,11,-76.0,846.0
895,2015-00-04/20/15,961,328,11,-71.0,849.0
894,2015-00-04/21/15,962,329,11,-73.0,845.0
896,2015-00-04/22/15,963,329,11,-71.0,850.0
897,2015-00-04/23/15,964,330,12,-72.0,847.0
898,2015-00-04/24/15,965,331,12,-75.0,847.0
900,2015-00-04/25/15,966,331,12,-73.0,850.0
899,2015-00-04/26/15,967,332,12,-74.0,844.0
901,2015-00-04/27/15,968,332,12,-71.0,848.0
902,2015-00-04/28/15,969,333,12,-72.0,844.0
903,2015-00-04/29/15,970,333,12,-71.0,849.0
906,2015-00-04/30/15,971,334,12,-71.0,848.0
904,2015-00-05/01/15,972,334,12,-73.0,847.0
905,2015-00-05/02/15,973,335,12,-72.0,844.0
907,2015-00-05/03/15,974,336,12,-73.0,842.0
908,2015-00-05/04/15,975,336,12,-73.0,843.0
909,2015-00-05/05/15,976,337,12,-75.0,842.0
910,2015-00-05/06/15,977,337,12,-75.0,841.0
913,2015-00-05/07/15,978,338,12,-73.0,842.0
912,2015-00-05/09/15,979,338,12,-79.0,841.0
911,2015-00-05/10/15,980,339,12,-73.0,840.0
914,2015-00-05/11/15,981,339,12,-73.0,841.0
917,2015-00-05/12/15,982,340,12,-74.0,840.0
916,2015-00-05/13/15,983,340,12,-76.0,840.0
915,2015-00-05/14/15,984,341,12,-74.0,840.0
918,2015-00-05/15/15,985,342,12,-78.0,840.0
919,2015-00-05/16/15,986,342,12,-74.0,840.0
920,2015-00-05/17/15,987,343,12,-74.0,839.0
922,2015-00-05/18/15,988,343,12,-75.0,840.0
921,2015-00-05/19/15,989,344,12,-74.0,841.0
923,2015-00-05/20/15,990,344,12,-76.0,839.0
926,2015-00-05/21/15,991,345,12,-73.0,840.0
924,2015-00-05/22/15,992,345,12,-73.0,842.0
927,2015-00-05/23/15,993,346,12,-73.0,840.0
925,2015-00-05/24/15,994,346,12,-79.0,842.0
929,2015-00-05/25/15,995,347,12,-74.0,842.0
928,2015-00-05/26/15,996,348,12,-72.0,842.0
930,2015-00-05/27/15,997,348,12,-74.0,843.0
931,2015-00-05/28/15,998,349,12,-73.0,842.0
932,2015-00-05/30/15,1000,350,12,-74.0,841.0
933,2015-00-05/31/15,1001,350,12,-79.0,843.0
936,2015-00-06/01/15,1002,351,12,-77.0,844.0
934,2015-00-06/02/15,1003,351,12,-74.0,843.0
935,2015-00-06/03/15,1004,352,12,-74.0,842.0
939,2015-00-06/04/15,1005,352,12,-75.0,843.0
941,2015-00-06/05/15,1006,353,12,-78.0,844.0
937,2015-00-06/06/15,1007,353,12,-79.0,845.0
940,2015-00-06/07/15,1008,354,12,-79.0,844.0
946,2015-00-06/08/15,1009,354,12,-75.0,845.0
947,2015-00-06/09/15,1010,355,12,-74.0,846.0
948,2015-00-06/10/15,1011,355,12,-78.0,845.0
949,2015-00-06/11/15,1012,356,12,-81.0,846.0
953,2015-00-06/12/15,1013,356,12,-80.0,846.0
950,2015-00-06/13/15,1014,357,12,-77.0,846.0
951,2015-00-06/14/15,1015,357,12,-75.0,847.0
952,2015-00-06/16/15,1016,358,12,-76.0,847.0
955,2015-00-06/17/15,1017,359,12,-78.0,850.0
956,2015-00-06/18/15,1018,359,12,-79.0,850.0
954,2015-00-06/19/15,1019,0,1,-81.0,849.0
938,2015-00-06/20/15,1020,0,1,-63.0,832.0
942,2015-00-06/21/15,1021,1,1,-76.0,850.0
944,2015-00-06/22/15,1022,1,1,-75.0,852.0
943,2015-00-06/23/15,1023,2,1,-76.0,851.0
945,2015-00-06/24/15,1024,2,1,-76.0,851.0
958,2015-00-06/25/15,1025,3,1,-74.0,851.0
957,2015-00-06/26/15,1026,3,1,-78.0,851.0
960,2015-00-06/28/15,1028,4,1,-75.0,853.0
959,2015-00-06/29/15,1029,5,1,-75.0,856.0
961,2015-00-06/30/15,1030,5,1,-77.0,855.0
963,2015-00-07/01/15,1031,6,1,-76.0,854.0
962,2015-00-07/02/15,1032,6,1,-74.0,854.0
965,2015-00-07/03/15,1033,7,1,-77.0,856.0
964,2015-00-07/04/15,1034,7,1,-76.0,859.0
966,2015-00-07/05/15,1035,8,1,-77.0,857.0
967,2015-00-07/06/15,1036,8,1,-76.0,856.0
968,2015-00-07/07/15,1037,9,1,-80.0,856.0
969,2015-00-07/08/15,1038,9,1,-76.0,858.0
970,2015-00-07/09/15,1039,10,1,-77.0,857.0
972,2015-00-07/10/15,1040,10,1,-77.0,858.0
971,2015-00-07/11/15,1041,11,1,-77.0,859.0
973,2015-00-07/12/15,1042,11,1,-76.0,859.0
974,2015-00-07/13/15,1043,12,1,-77.0,860.0
975,2015-00-07/14/15,1044,12,1,-79.0,860.0
978,2015-00-07/15/15,1045,13,1,-80.0,861.0
979,2015-00-07/16/15,1046,13,1,-77.0,862.0
977,2015-00-07/17/15,1047,14,1,-77.0,863.0
976,2015-00-07/18/15,1048,14,1,-78.0,864.0
980,2015-00-07/19/15,1049,15,1,-75.0,864.0
981,2015-00-07/20/15,1050,15,1,-76.0,863.0
983,2015-00-07/21/15,1051,16,1,-76.0,864.0
982,2015-00-07/23/15,1052,16,1,-78.0,865.0
984,2015-00-07/24/15,1053,17,1,-79.0,865.0
985,2015-00-07/25/15,1054,17,1,-77.0,867.0
987,2015-00-07/26/15,1055,17,1,-77.0,868.0
986,2015-00-07/27/15,1056,18,1,-76.0,868.0
988,2015-00-07/28/15,1057,18,1,-78.0,867.0
989,2015-00-07/29/15,1058,19,1,-78.0,868.0
990,2015-00-07/30/15,1059,19,1,-78.0,870.0
992,2015-00-07/31/15,1060,20,1,-78.0,870.0
993,2015-00-08/01/15,1061,20,1,-77.0,871.0
991,2015-00-08/02/15,1062,21,1,-77.0,871.0
994,2015-00-08/03/15,1063,21,1,-79.0,871.0
996,2015-00-08/04/15,1064,22,1,-77.0,871.0
995,2015-00-08/05/15,1065,22,1,-78.0,873.0
997,2015-00-08/06/15,1066,23,1,-78.0,875.0
998,2015-00-08/07/15,1067,23,1,-79.0,875.0
1000,2015-00-08/08/15,1068,24,1,-76.0,874.0
999,2015-00-08/09/15,1069,24,1,-77.0,876.0
1001,2015-00-08/10/15,1070,25,1,-80.0,877.0
1002,2015-00-08/11/15,1071,25,1,-78.0,878.0
1003,2015-00-08/12/15,1072,26,1,-78.0,879.0
1004,2015-00-08/13/15,1073,26,1,-82.0,879.0
1005,2015-00-08/14/15,1074,27,1,-77.0,878.0
1006,2015-00-08/15/15,1075,27,1,-77.0,879.0
1007,2015-00-08/16/15,1076,28,1,-81.0,880.0
1008,2015-00-08/17/15,1077,28,1,-79.0,880.0
1009,2015-00-08/18/15,1078,29,1,-80.0,881.0
1010,2015-00-08/19/15,1079,29,1,-80.0,882.0
1013,2015-00-08/20/15,1080,29,1,-77.0,882.0
1011,2015-00-08/21/15,1081,30,2,-77.0,882.0
1012,2015-00-08/22/15,1082,30,2,-79.0,882.0
1014,2015-00-08/23/15,1083,31,2,-80.0,883.0
1015,2015-00-08/24/15,1084,31,2,-78.0,885.0
1017,2015-00-08/25/15,1085,32,2,-79.0,886.0
1016,2015-00-08/26/15,1086,32,2,-77.0,885.0
1019,2015-00-08/27/15,1087,33,2,-78.0,885.0
1020,2015-00-08/29/15,1088,33,2,-77.0,885.0
1018,2015-00-08/30/15,1089,34,2,-76.0,885.0
1021,2015-00-08/31/15,1090,34,2,-78.0,886.0
1022,2015-00-09/01/15,1091,35,2,-77.0,886.0
1023,2015-00-09/02/15,1092,35,2,-79.0,886.0
1024,2015-00-09/03/15,1093,36,2,-77.0,887.0
1026,2015-00-09/04/15,1094,36,2,-80.0,888.0
1027,2015-00-09/05/15,1095,36,2,-79.0,888.0
1025,2015-00-09/06/15,1096,37,2,-79.0,888.0
1028,2015-00-09/07/15,1097,37,2,-78.0,889.0
1029,2015-00-09/08/15,1098,38,2,-77.0,890.0
1030,2015-00-09/09/15,1099,38,2,-78.0,891.0
1031,2015-00-09/10/15,1100,39,2,-79.0,890.0
1034,2015-00-09/11/15,1101,39,2,-80.0,891.0
1032,2015-00-09/12/15,1102,40,2,-84.0,892.0
1033,2015-00-09/13/15,1103,40,2,-81.0,893.0
1035,2015-00-09/14/15,1104,41,2,-79.0,893.0
1036,2015-00-09/15/15,1105,41,2,-78.0,892.0
1037,2015-00-09/16/15,1106,42,2,-82.0,893.0
1040,2015-00-09/17/15,1107,42,2,-79.0,893.0
1038,2015-00-09/18/15,1108,42,2,-78.0,895.0
1039,2015-00-09/19/15,1109,43,2,-82.0,895.0
1041,2015-00-09/20/15,1110,43,2,-81.0,895.0
1042,2015-00-09/21/15,1111,44,2,-79.0,896.0
1043,2015-00-09/22/15,1112,44,2,-80.0,895.0
1044,2015-00-09/23/15,1113,45,2,-79.0,895.0
1045,2015-00-09/24/15,1114,45,2,-79.0,896.0
1047,2015-00-09/25/15,1115,46,2,-80.0,897.0
1046,2015-00-09/26/15,1116,46,2,-79.0,898.0
1048,2015-00-09/27/15,1117,47,2,-79.0,898.0
1049,2015-00-09/28/15,1118,47,2,-80.0,898.0
1050,2015-00-09/29/15,1119,48,2,-81.0,899.0
1051,2015-00-09/30/15,1120,48,2,-80.0,900.0
1052,2015-00-10/01/15,1121,48,2,-81.0,901.0
1053,2015-00-10/02/15,1122,49,2,-79.0,901.0
1054,2015-00-10/03/15,1123,49,2,-79.0,900.0
1055,2015-00-10/04/15,1124,50,2,-80.0,900.0
1056,2015-00-10/06/15,1125,50,2,-79.0,900.0
1057,2015-00-10/07/15,1126,51,2,-79.0,901.0
1058,2015-00-10/08/15,1127,51,2,-80.0,901.0
1059,2015-00-10/09/15,1128,52,2,-79.0,902.0
1060,2015-00-10/10/15,1129,52,2,-80.0,902.0
1061,2015-00-10/11/15,1130,53,2,-81.0,902.0
1062,2015-00-10/12/15,1131,53,2,-81.0,902.0
1063,2015-00-10/13/15,1132,53,2,-82.0,902.0
1064,2015-00-10/14/15,1133,54,2,-82.0,902.0
1065,2015-00-10/15/15,1134,54,2,-80.0,902.0
1069,2015-00-10/16/15,1135,55,2,-81.0,901.0
1066,2015-00-10/17/15,1136,55,2,-82.0,901.0
1068,2015-00-10/18/15,1137,56,2,-81.0,901.0
1067,2015-00-10/19/15,1138,56,2,-82.0,901.0
1070,2015-00-10/20/15,1139,57,2,-80.0,901.0
1071,2015-00-10/21/15,1140,57,2,-81.0,901.0
1072,2015-00-10/22/15,1141,57,2,-82.0,902.0
1073,2015-00-10/23/15,1142,58,2,-82.0,902.0
1074,2015-00-10/24/15,1143,58,2,-82.0,901.0
1075,2015-00-10/25/15,1144,59,2,-82.0,902.0
1076,2015-00-10/26/15,1145,59,2,-82.0,903.0
1077,2015-00-10/27/15,1146,60,3,-82.0,902.0
1078,2015-00-10/28/15,1147,60,3,-80.0,901.0
1080,2015-00-10/29/15,1148,61,3,-80.0,901.0
1079,2015-00-10/30/15,1149,61,3,-81.0,902.0
1081,2015-00-10/31/15,1150,62,3,-82.0,902.0
1082,2015-00-11/01/15,1151,62,3,-82.0,901.0
1086,2015-00-11/02/15,1152,62,3,-80.0,901.0
1083,2015-00-11/03/15,1153,63,3,-82.0,900.0
1088,2015-00-11/04/15,1154,63,3,-84.0,900.0
1084,2015-00-11/05/15,1155,64,3,-84.0,900.0
1085,2015-00-11/06/15,1156,64,3,-84.0,900.0
1087,2015-00-11/07/15,1157,65,3,-82.0,900.0
1089,2015-00-11/08/15,1158,65,3,-82.0,898.0
1090,2015-00-11/09/15,1159,66,3,-82.0,898.0
1091,2015-00-11/10/15,1160,66,3,-80.0,899.0
1092,2015-00-11/12/15,1161,66,3,-83.0,898.0
1093,2015-00-11/13/15,1162,67,3,-84.0,897.0
1094,2015-00-11/14/15,1163,67,3,-86.0,896.0
1095,2015-00-11/15/15,1164,68,3,-86.0,896.0
1096,2015-00-11/16/15,1165,68,3,-84.0,897.0
1097,2015-00-11/17/15,1166,69,3,-84.0,895.0
1098,2015-00-11/18/15,1167,69,3,-84.0,894.0
1102,2015-00-11/19/15,1168,70,3,-84.0,894.0
1100,2015-00-11/20/15,1169,70,3,-89.0,894.0
1101,2015-00-11/21/15,1170,71,3,-85.0,893.0
1099,2015-00-11/22/15,1171,71,3,-87.0,892.0
1104,2015-00-11/23/15,1172,71,3,-87.0,892.0
1103,2015-00-11/24/15,1173,72,3,-87.0,892.0
1105,2015-00-11/25/15,1174,72,3,-85.0,891.0
1106,2015-00-11/26/15,1175,73,3,-85.0,890.0
1107,2015-00-11/27/15,1176,73,3,-84.0,890.0
1108,2015-00-11/28/15,1177,74,3,-84.0,888.0
1109,2015-00-11/29/15,1178,74,3,-86.0,888.0
1110,2015-00-11/30/15,1179,75,3,-85.0,887.0
1111,2015-00-12/01/15,1180,75,3,-86.0,886.0
1112,2015-00-12/02/15,1181,75,3,-86.0,885.0
1114,2015-00-12/03/15,1182,76,3,-85.0,884.0
1113,2015-00-12/04/15,1183,76,3,-86.0,883.0
1115,2015-00-12/05/15,1184,77,3,-85.0,882.0
1116,2015-00-12/06/15,1185,77,3,-84.0,881.0
1117,2015-00-12/07/15,1186,78,3,-86.0,881.0
1118,2015-00-12/08/15,1187,78,3,-84.0,881.0
1119,2015-00-12/09/15,1188,79,3,-90.0,881.0
1120,2015-00-12/10/15,1189,79,3,-87.0,879.0
1121,2015-00-12/11/15,1190,79,3,-87.0,877.0
1122,2015-00-12/12/15,1191,80,3,-87.0,876.0
1123,2015-00-12/13/15,1192,80,3,-86.0,876.0
1124,2015-00-12/14/15,1193,81,3,-84.0,875.0
1125,2015-00-12/15/15,1194,81,3,-84.0,873.0
1126,2015-00-12/16/15,1195,82,3,-86.0,872.0
1129,2015-00-12/17/15,1196,82,3,-86.0,871.0
1127,2015-00-12/18/15,1197,83,3,-85.0,869.0
1128,2015-00-12/20/15,1198,83,3,-86.0,868.0
1130,2015-00-12/21/15,1199,84,3,-86.0,868.0
1131,2015-00-12/22/15,1200,84,3,-84.0,866.0
1132,2015-00-12/23/15,1201,84,3,-85.0,866.0
1133,2015-00-12/24/15,1202,85,3,-85.0,864.0
1136,2015-00-12/25/15,1203,85,3,-85.0,863.0
1135,2015-00-12/26/15,1204,86,3,-84.0,862.0
1134,2015-00-12/27/15,1205,86,3,-86.0,861.0
1137,2015-00-12/28/15,1206,87,3,-85.0,859.0
1138,2015-00-12/29/15,1207,87,3,-85.0,858.0
1139,2015-00-12/30/15,1208,88,3,-85.0,857.0
1141,2015-00-12/31/15,1209,88,3,-85.0,855.0
1140,2016-00-01/01/16,1210,88,3,-85.0,854.0
1142,2016-00-01/02/16,1211,89,3,-83.0,853.0
1143,2016-00-01/03/16,1212,89,3,-86.0,851.0
1145,2016-00-01/04/16,1213,90,4,-84.0,851.0
1144,2016-00-01/05/16,1214,90,4,-85.0,849.0
1146,2016-00-01/06/16,1215,91,4,-85.0,848.0
1147,2016-00-01/07/16,1216,91,4,-86.0,847.0
1148,2016-00-01/08/16,1217,92,4,-88.0,846.0
1149,2016-00-01/09/16,1218,92,4,-86.0,845.0
1150,2016-00-01/10/16,1219,93,4,-87.0,844.0
1151,2016-00-01/11/16,1220,93,4,-87.0,842.0
1152,2016-00-01/12/16,1221,93,4,-87.0,841.0
1153,2016-00-01/13/16,1222,94,4,-87.0,840.0
1155,2016-00-01/14/16,1223,94,4,-88.0,839.0
1154,2016-00-01/15/16,1224,95,4,-88.0,837.0
1156,2016-00-01/16/16,1225,95,4,-87.0,836.0
1157,2016-00-01/17/16,1226,96,4,-87.0,835.0
1158,2016-00-01/18/16,1227,96,4,-88.0,833.0
1159,2016-00-01/19/16,1228,97,4,-88.0,832.0
1160,2016-00-01/20/16,1229,97,4,-88.0,831.0
1161,2016-00-01/21/16,1230,98,4,-88.0,830.0
1162,2016-00-01/22/16,1231,98,4,-88.0,828.0
1163,2016-00-01/23/16,1232,99,4,-88.0,827.0
1164,2016-00-01/24/16,1233,99,4,-88.0,826.0
1166,2016-00-01/26/16,1234,99,4,-88.0,824.0
1165,2016-00-01/27/16,1235,100,4,-88.0,824.0
1170,2016-00-01/28/16,1236,100,4,-87.0,822.0
1169,2016-00-01/29/16,1237,101,4,-88.0,820.0
1167,2016-00-01/30/16,1238,101,4,-87.0,819.0
1168,2016-00-01/31/16,1239,102,4,-89.0,818.0
1171,2016-00-02/01/16,1240,102,4,-87.0,816.0
1172,2016-00-02/02/16,1241,103,4,-87.0,816.0
1173,2016-00-02/03/16,1242,103,4,-87.0,815.0
1174,2016-00-02/04/16,1243,104,4,-86.0,814.0
1175,2016-00-02/05/16,1244,104,4,-85.0,812.0
1176,2016-00-02/06/16,1245,105,4,-86.0,811.0
1178,2016-00-02/07/16,1246,105,4,-85.0,810.0
1177,2016-00-02/08/16,1247,105,4,-85.0,809.0
1179,2016-00-02/09/16,1248,106,4,-86.0,807.0
1180,2016-00-02/10/16,1249,106,4,-85.0,806.0
1182,2016-00-02/11/16,1250,107,4,-85.0,804.0
1185,2016-00-02/12/16,1251,107,4,-85.0,803.0
1184,2016-00-02/13/16,1252,108,4,-85.0,802.0
1181,2016-00-02/14/16,1253,108,4,-85.0,800.0
1183,2016-00-02/15/16,1254,109,4,-84.0,799.0
1187,2016-00-02/16/16,1255,109,4,-84.0,798.0
1186,2016-00-02/17/16,1256,110,4,-84.0,797.0
1188,2016-00-02/18/16,1257,110,4,-84.0,794.0
1189,2016-00-02/19/16,1258,111,4,-83.0,794.0
1190,2016-00-02/20/16,1259,111,4,-84.0,794.0
1191,2016-00-02/21/16,1260,112,4,-83.0,792.0
1192,2016-00-02/22/16,1261,112,4,-81.0,790.0
1193,2016-00-02/23/16,1262,112,4,-81.0,790.0
1194,2016-00-02/24/16,1263,113,4,-84.0,788.0
1195,2016-00-02/25/16,1264,113,4,-84.0,787.0
1197,2016-00-02/26/16,1265,114,4,-81.0,787.0
1196,2016-00-02/27/16,1266,114,4,-82.0,787.0
1198,2016-00-02/28/16,1267,115,4,-83.0,786.0
1199,2016-00-02/29/16,1268,115,4,-83.0,784.0
1201,2016-00-03/01/16,1269,116,4,-83.0,782.0
1200,2016-00-03/03/16,1270,116,4,-82.0,782.0
1202,2016-00-03/04/16,1271,117,4,-84.0,781.0
1203,2016-00-03/05/16,1272,117,4,-81.0,780.0
1204,2016-00-03/06/16,1273,118,4,-79.0,778.0
1205,2016-00-03/07/16,1274,118,4,-82.0,777.0
1206,2016-00-03/08/16,1275,119,4,-82.0,775.0
1207,2016-00-03/09/16,1276,119,4,-83.0,774.0
1208,2016-00-03/10/16,1277,120,5,-84.0,774.0
1210,2016-00-03/11/16,1278,120,5,-83.0,773.0
1209,2016-00-03/12/16,1279,121,5,-83.0,772.0
1211,2016-00-03/13/16,1280,121,5,-84.0,771.0
1212,2016-00-03/14/16,1281,122,5,-83.0,769.0
1213,2016-00-03/15/16,1282,122,5,-81.0,768.0
1214,2016-00-03/16/16,1283,123,5,-82.0,767.0
1216,2016-00-03/17/16,1284,123,5,-80.0,767.0
1217,2016-00-03/18/16,1285,123,5,-80.0,766.0
1215,2016-00-03/19/16,1286,124,5,-80.0,765.0
1218,2016-00-03/20/16,1287,124,5,-80.0,764.0
1219,2016-00-03/21/16,1288,125,5,-80.0,763.0
1220,2016-00-03/24/16,1291,126,5,-80.0,760.0
1222,2016-00-03/25/16,1292,127,5,-81.0,760.0
1221,2016-00-03/26/16,1293,127,5,-81.0,758.0
1223,2016-00-03/27/16,1294,128,5,-79.0,758.0
1224,2016-00-03/28/16,1295,128,5,-79.0,757.0
1226,2016-00-03/29/16,1296,129,5,-79.0,756.0
1225,2016-00-03/30/16,1297,129,5,-80.0,755.0
1229,2016-00-03/31/16,1298,130,5,-79.0,755.0
1228,2016-00-04/01/16,1299,130,5,-80.0,753.0
1227,2016-00-04/02/16,1300,131,5,-79.0,752.0
1230,2016-00-04/03/16,1301,131,5,-78.0,752.0
1231,2016-00-04/04/16,1302,132,5,-80.0,751.0
1232,2016-00-04/05/16,1303,132,5,-78.0,751.0
1233,2016-00-04/06/16,1304,133,5,-80.0,750.0
1235,2016-00-04/07/16,1305,133,5,-80.0,749.0
1234,2016-00-04/08/16,1306,134,5,-79.0,748.0
1236,2016-00-04/10/16,1307,134,5,-80.0,748.0
1237,2016-00-04/11/16,1308,135,5,-81.0,748.0
1238,2016-00-04/12/16,1309,135,5,-81.0,747.0
1239,2016-00-04/13/16,1310,136,5,-76.0,745.0
1240,2016-00-04/14/16,1311,136,5,-78.0,745.0
1243,2016-00-04/15/16,1312,137,5,-77.0,745.0
1241,2016-00-04/16/16,1313,137,5,-77.0,745.0
1242,2016-00-04/17/16,1314,138,5,-78.0,744.0
1244,2016-00-04/18/16,1315,138,5,-77.0,744.0
1245,2016-00-04/19/16,1316,139,5,-80.0,744.0
1246,2016-00-04/20/16,1317,139,5,-80.0,743.0
1247,2016-00-04/21/16,1318,140,5,-80.0,743.0
1248,2016-00-04/22/16,1319,140,5,-78.0,742.0
1250,2016-00-04/23/16,1320,141,5,-77.0,741.0
1249,2016-00-04/24/16,1321,141,5,-77.0,740.0
1251,2016-00-04/25/16,1322,142,5,-78.0,740.0
1252,2016-00-04/26/16,1323,142,5,-77.0,738.0
1253,2016-00-04/27/16,1324,143,5,-78.0,738.0
1256,2016-00-04/28/16,1325,144,5,-78.0,738.0
1254,2016-00-04/29/16,1326,144,5,-77.0,738.0
1255,2016-00-04/30/16,1327,145,5,-76.0,736.0
1257,2016-00-05/01/16,1328,145,5,-77.0,735.0
1258,2016-00-05/02/16,1329,146,5,-74.0,735.0
1259,2016-00-05/03/16,1330,146,5,-78.0,734.0
1260,2016-00-05/04/16,1331,147,5,-76.0,734.0
1262,2016-00-05/05/16,1332,147,5,-78.0,734.0
1263,2016-00-05/06/16,1333,148,5,-76.0,733.0
1261,2016-00-05/07/16,1334,148,5,-77.0,732.0
1264,2016-00-05/08/16,1335,149,5,-77.0,732.0
1265,2016-00-05/09/16,1336,149,5,-75.0,732.0
1266,2016-00-05/10/16,1337,150,6,-76.0,734.0
1267,2016-00-05/11/16,1338,150,6,-75.0,734.0
1268,2016-00-05/12/16,1339,151,6,-77.0,733.0
1269,2016-00-05/13/16,1340,151,6,-76.0,734.0
1270,2016-00-05/14/16,1341,152,6,-76.0,735.0
1271,2016-00-05/15/16,1342,152,6,-80.0,735.0
1272,2016-00-05/17/16,1343,153,6,-74.0,735.0
1273,2016-00-05/18/16,1344,153,6,-75.0,734.0
1276,2016-00-05/19/16,1345,154,6,-75.0,735.0
1274,2016-00-05/20/16,1346,155,6,-75.0,737.0
1277,2016-00-05/21/16,1347,155,6,-75.0,736.0
1275,2016-00-05/22/16,1348,156,6,-76.0,735.0
1278,2016-00-05/23/16,1349,156,6,-73.0,737.0
1279,2016-00-05/24/16,1350,157,6,-73.0,738.0
1280,2016-00-05/25/16,1351,157,6,-72.0,739.0
1283,2016-00-05/26/16,1352,158,6,-73.0,736.0
1281,2016-00-05/27/16,1353,158,6,-76.0,737.0
1282,2016-00-05/28/16,1354,159,6,-75.0,739.0
1284,2016-00-05/29/16,1355,159,6,-75.0,740.0
1286,2016-00-05/30/16,1356,160,6,-74.0,739.0
1285,2016-00-05/31/16,1357,160,6,-72.0,738.0
1287,2016-00-06/01/16,1358,161,6,-74.0,738.0
1288,2016-00-06/02/16,1359,162,6,-76.0,739.0
1289,2016-00-06/03/16,1360,162,6,-76.0,739.0
1290,2016-00-06/04/16,1361,163,6,-75.0,739.0
1291,2016-00-06/05/16,1362,163,6,-74.0,739.0
1292,2016-00-06/06/16,1363,164,6,-75.0,740.0
1293,2016-00-06/07/16,1364,164,6,-74.0,740.0
1294,2016-00-06/08/16,1365,165,6,-74.0,739.0
1295,2016-00-06/09/16,1366,165,6,-75.0,740.0
1296,2016-00-06/10/16,1367,166,6,-74.0,743.0
1297,2016-00-06/11/16,1368,167,6,-74.0,743.0
1299,2016-00-06/12/16,1369,167,6,-73.0,742.0
1298,2016-00-06/13/16,1370,168,6,-74.0,744.0
1301,2016-00-06/14/16,1371,168,6,-75.0,746.0
1300,2016-00-06/15/16,1372,169,6,-74.0,745.0
1303,2016-00-06/16/16,1373,169,6,-74.0,746.0
1302,2016-00-06/17/16,1374,170,6,-75.0,748.0
1304,2016-00-06/18/16,1375,170,6,-73.0,749.0
1305,2016-00-06/19/16,1376,171,6,-75.0,749.0
1306,2016-00-06/20/16,1377,172,6,-76.0,749.0
1308,2016-00-06/21/16,1378,172,6,-76.0,751.0
1307,2016-00-06/23/16,1379,173,6,-77.0,751.0
1311,2016-00-06/24/16,1380,173,6,-74.0,751.0
1309,2016-00-06/25/16,1381,174,6,-73.0,751.0
1310,2016-00-06/26/16,1382,174,6,-76.0,752.0
1312,2016-00-06/27/16,1383,175,6,-73.0,752.0
1313,2016-00-06/28/16,1384,176,6,-74.0,753.0
1314,2016-00-06/29/16,1385,176,6,-75.0,755.0
1315,2016-00-06/30/16,1386,177,6,-74.0,755.0
1316,2016-00-07/01/16,1387,177,6,-74.0,755.0
1317,2016-00-07/02/16,1388,178,6,-73.0,756.0
1318,2016-00-07/12/16,1398,184,7,-66.0,751.0
1319,2016-00-07/13/16,1399,184,7,-73.0,770.0
1322,2016-00-07/14/16,1400,185,7,-73.0,770.0
1321,2016-00-07/15/16,1401,185,7,-73.0,770.0
1320,2016-00-07/16/16,1402,186,7,-75.0,771.0
1323,2016-00-07/17/16,1403,187,7,-75.0,771.0
1324,2016-00-07/18/16,1404,187,7,-75.0,774.0
1325,2016-00-07/19/16,1405,188,7,-75.0,775.0
1328,2016-00-07/20/16,1406,188,7,-76.0,775.0
1329,2016-00-07/21/16,1407,189,7,-74.0,779.0
1327,2016-00-07/22/16,1408,190,7,-75.0,779.0
1326,2016-00-07/23/16,1409,190,7,-74.0,781.0
1330,2016-00-07/24/16,1410,191,7,-72.0,782.0
1331,2016-00-07/25/16,1411,191,7,-72.0,782.0
1333,2016-00-07/26/16,1412,192,7,-78.0,784.0
1332,2016-00-07/27/16,1413,193,7,-72.0,784.0
1336,2016-00-07/28/16,1414,193,7,-73.0,785.0
1334,2016-00-07/29/16,1415,194,7,-72.0,787.0
1335,2016-00-07/31/16,1416,194,7,-72.0,791.0
1337,2016-00-08/01/16,1417,195,7,-70.0,791.0
1338,2016-00-08/02/16,1418,196,7,-73.0,793.0
1339,2016-00-08/03/16,1419,196,7,-73.0,793.0
1340,2016-00-08/04/16,1420,197,7,-71.0,793.0
1343,2016-00-08/05/16,1421,197,7,-72.0,797.0
1342,2016-00-08/06/16,1422,198,7,-72.0,798.0
1341,2016-00-08/07/16,1423,199,7,-71.0,800.0
1344,2016-00-08/08/16,1424,199,7,-72.0,803.0
1345,2016-00-08/09/16,1425,200,7,-72.0,804.0
1346,2016-00-08/10/16,1426,200,7,-71.0,803.0
1347,2016-00-08/11/16,1427,201,7,-72.0,807.0
1348,2016-00-08/12/16,1428,202,7,-72.0,808.0
1349,2016-00-08/13/16,1429,202,7,-70.0,810.0
1351,2016-00-08/14/16,1430,203,7,-69.0,810.0
1350,2016-00-08/15/16,1431,204,7,-69.0,811.0
1352,2016-00-08/16/16,1432,204,7,-71.0,813.0
1353,2016-00-08/17/16,1433,205,7,-70.0,818.0
1356,2016-00-08/18/16,1434,205,7,-70.0,818.0
1355,2016-00-08/19/16,1435,206,7,-71.0,823.0
1354,2016-00-08/20/16,1436,207,7,-72.0,825.0
1357,2016-00-08/21/16,1437,207,7,-71.0,821.0
1358,2016-00-08/22/16,1438,208,7,-68.0,823.0
1360,2016-00-08/23/16,1439,208,7,-71.0,828.0
1359,2016-00-08/24/16,1440,209,7,-70.0,828.0
1361,2016-00-08/25/16,1441,210,8,-74.0,828.0
1362,2016-00-08/26/16,1442,210,8,-68.0,829.0
1363,2016-00-08/27/16,1443,211,8,-69.0,831.0
1364,2016-00-08/28/16,1444,212,8,-69.0,833.0
1365,2016-00-08/29/16,1445,212,8,-69.0,836.0
1366,2016-00-08/30/16,1446,213,8,-70.0,841.0
1367,2016-00-08/31/16,1447,214,8,-74.0,841.0
1369,2016-00-09/01/16,1448,214,8,-69.0,841.0
1368,2016-00-09/02/16,1449,215,8,-71.0,841.0
1370,2016-00-09/03/16,1450,215,8,-69.0,842.0
1371,2016-00-09/04/16,1451,216,8,-71.0,842.0
1373,2016-00-09/06/16,1452,217,8,-74.0,845.0
1372,2016-00-09/07/16,1453,217,8,-73.0,850.0
1374,2016-00-09/08/16,1454,218,8,-69.0,854.0
1377,2016-00-09/09/16,1455,219,8,-70.0,858.0
1376,2016-00-09/10/16,1456,219,8,-69.0,859.0
1375,2016-00-09/11/16,1457,220,8,-69.0,860.0
1378,2016-00-09/12/16,1458,220,8,-69.0,859.0
1379,2016-00-09/13/16,1459,221,8,-71.0,861.0
1380,2016-00-09/14/16,1460,222,8,-70.0,865.0
1382,2016-00-09/15/16,1461,222,8,-69.0,870.0
1381,2016-00-09/16/16,1462,223,8,-68.0,871.0
1383,2016-00-09/17/16,1463,224,8,-68.0,871.0
1384,2016-00-09/18/16,1464,224,8,-71.0,871.0
1385,2016-00-09/19/16,1465,225,8,-68.0,870.0
1386,2016-00-09/20/16,1466,226,8,-67.0,873.0
1387,2016-00-09/21/16,1467,226,8,-69.0,877.0
1388,2016-00-09/22/16,1468,227,8,-70.0,879.0
1389,2016-00-09/23/16,1469,228,8,-72.0,881.0
1391,2016-00-09/24/16,1470,228,8,-70.0,879.0
1392,2016-00-09/25/16,1471,229,8,-71.0,880.0
1390,2016-00-09/26/16,1472,229,8,-68.0,879.0
1393,2016-00-09/27/16,1473,230,8,-67.0,881.0
1394,2016-00-09/28/16,1474,231,8,-68.0,889.0
1396,2016-00-09/29/16,1475,231,8,-72.0,890.0
1395,2016-00-09/30/16,1476,232,8,-69.0,888.0
1397,2016-00-10/01/16,1477,233,8,-72.0,888.0
1399,2016-00-10/02/16,1478,233,8,-68.0,887.0
1398,2016-00-10/03/16,1479,234,8,-66.0,890.0
1400,2016-00-10/04/16,1480,235,8,-68.0,893.0
1401,2016-00-10/05/16,1481,235,8,-70.0,893.0
1403,2016-00-10/06/16,1482,236,8,-68.0,893.0
1402,2016-00-10/07/16,1483,237,8,-68.0,892.0
1404,2016-00-10/08/16,1484,237,8,-68.0,895.0
1405,2016-00-10/09/16,1485,238,8,-71.0,899.0
1406,2016-00-10/10/16,1486,239,8,-71.0,901.0
1407,2016-00-10/11/16,1487,239,8,-68.0,901.0
1408,2016-00-10/12/16,1488,240,9,-69.0,902.0
1410,2016-00-10/14/16,1489,240,9,-68.0,903.0
1411,2016-00-10/15/16,1490,241,9,-66.0,904.0
1409,2016-00-10/16/16,1491,242,9,-69.0,906.0
1412,2016-00-10/17/16,1492,242,9,-68.0,910.0
1413,2016-00-10/18/16,1493,243,9,-70.0,905.0
1414,2016-00-10/19/16,1494,244,9,-70.0,904.0
1416,2016-00-10/20/16,1495,244,9,-71.0,903.0
1415,2016-00-10/21/16,1496,245,9,-72.0,906.0
1417,2016-00-10/22/16,1497,246,9,-68.0,909.0
1418,2016-00-10/23/16,1498,246,9,-68.0,907.0
1419,2016-00-10/24/16,1499,247,9,-69.0,903.0
1420,2016-00-10/25/16,1500,248,9,-70.0,903.0
1421,2016-00-10/26/16,1501,248,9,-69.0,903.0
1422,2016-00-10/27/16,1502,249,9,-69.0,907.0
1424,2016-00-10/28/16,1503,250,9,-70.0,909.0
1423,2016-00-10/29/16,1504,250,9,-69.0,910.0
1425,2016-00-10/30/16,1505,251,9,-69.0,906.0
1426,2016-00-10/31/16,1506,252,9,-71.0,907.0
1427,2016-00-11/01/16,1507,252,9,-70.0,907.0
1428,2016-00-11/02/16,1508,253,9,-70.0,907.0
1430,2016-00-11/03/16,1509,254,9,-70.0,910.0
1431,2016-00-11/04/16,1510,254,9,-70.0,908.0
1429,2016-00-11/05/16,1511,255,9,-77.0,908.0
1432,2016-00-11/06/16,1512,255,9,-78.0,906.0
1433,2016-00-11/07/16,1513,256,9,-74.0,907.0
1434,2016-00-11/08/16,1514,257,9,-73.0,906.0
1435,2016-00-11/09/16,1515,257,9,-76.0,906.0
1436,2016-00-11/10/16,1516,258,9,-71.0,909.0
1437,2016-00-11/11/16,1517,259,9,-76.0,911.0
1438,2016-00-11/12/16,1518,259,9,-78.0,909.0
1440,2016-00-11/13/16,1519,260,9,-72.0,906.0
1439,2016-00-11/14/16,1520,261,9,-73.0,905.0
1441,2016-00-11/15/16,1521,261,9,-71.0,905.0
1442,2016-00-11/16/16,1522,262,9,-71.0,905.0
1443,2016-00-11/17/16,1523,263,9,-77.0,905.0
1444,2016-00-11/18/16,1524,263,9,-76.0,904.0
1445,2016-00-11/20/16,1525,264,9,-74.0,902.0
1446,2016-00-11/21/16,1526,265,9,-72.0,900.0
1449,2016-00-11/22/16,1527,265,9,-71.0,900.0
1450,2016-00-11/23/16,1528,266,9,-72.0,898.0
1451,2016-00-11/24/16,1529,267,9,-73.0,900.0
1452,2016-00-11/25/16,1530,267,9,-71.0,899.0
1447,2016-00-11/26/16,1531,268,9,-76.0,900.0
1448,2016-00-11/27/16,1532,268,9,-72.0,900.0
1453,2016-00-11/28/16,1533,269,9,-72.0,896.0
1454,2016-00-11/29/16,1534,270,10,-73.0,898.0
1455,2016-00-11/30/16,1535,270,10,-73.0,900.0
1456,2016-00-12/01/16,1536,271,10,-71.0,901.0
1458,2016-00-12/02/16,1537,272,10,-74.0,900.0
1457,2016-00-12/03/16,1538,272,10,-73.0,898.0
1459,2016-00-12/04/16,1539,273,10,-74.0,896.0
1460,2016-00-12/05/16,1540,274,10,-72.0,896.0
1461,2016-00-12/06/16,1541,274,10,-76.0,895.0
1462,2016-00-12/07/16,1542,275,10,-73.0,895.0
1464,2016-00-12/08/16,1543,276,10,-74.0,896.0
1463,2016-00-12/09/16,1544,276,10,-71.0,894.0
1465,2016-00-12/10/16,1545,277,10,-73.0,891.0
1467,2016-00-12/11/16,1546,277,10,-73.0,889.0
1466,2016-00-12/12/16,1547,278,10,-75.0,887.0
1468,2016-00-12/13/16,1548,279,10,-76.0,887.0
1469,2016-00-12/14/16,1549,279,10,-76.0,887.0
1472,2016-00-12/15/16,1550,280,10,-71.0,888.0
1471,2016-00-12/16/16,1551,281,10,-71.0,886.0
1470,2016-00-12/17/16,1552,281,10,-74.0,886.0
1474,2016-00-12/18/16,1553,282,10,-77.0,884.0
1473,2016-00-12/19/16,1554,283,10,-70.0,882.0
1477,2016-00-12/20/16,1555,283,10,-71.0,883.0
1478,2016-00-12/21/16,1556,284,10,-72.0,883.0
1475,2016-00-12/22/16,1557,284,10,-70.0,883.0
1476,2016-00-12/23/16,1558,285,10,-72.0,880.0
1484,2016-00-12/24/16,1559,286,10,-76.0,879.0
1482,2016-00-12/25/16,1560,286,10,-76.0,877.0
1485,2016-00-12/27/16,1561,287,10,-77.0,877.0
1479,2016-00-12/28/16,1562,288,10,-73.0,877.0
1483,2016-00-12/29/16,1563,288,10,-75.0,879.0
1481,2016-00-12/30/16,1564,289,10,-70.0,877.0
1480,2016-00-12/31/16,1565,290,10,-72.0,874.0
1487,2017-00-01/01/17,1566,290,10,-76.0,876.0
1486,2017-00-01/02/17,1567,291,10,-70.0,872.0
1488,2017-00-01/03/17,1568,291,10,-71.0,876.0
1492,2017-00-01/04/17,1569,292,10,-70.0,873.0
1491,2017-00-01/05/17,1570,293,10,-71.0,873.0
1490,2017-00-01/06/17,1571,293,10,-70.0,873.0
1489,2017-00-01/07/17,1572,294,10,-81.0,869.0
1493,2017-00-01/08/17,1573,295,10,-74.0,872.0
1495,2017-00-01/09/17,1574,295,10,-72.0,868.0
1494,2017-00-01/10/17,1575,296,10,-73.0,871.0
1496,2017-00-01/11/17,1576,296,10,-72.0,869.0
1498,2017-00-01/12/17,1577,297,10,-72.0,866.0
1499,2017-00-01/13/17,1578,298,10,-74.0,868.0
1500,2017-00-01/14/17,1579,298,10,-73.0,862.0
1497,2017-00-01/15/17,1580,299,10,-72.0,867.0
1501,2017-00-01/16/17,1581,299,10,-72.0,862.0
1503,2017-00-01/17/17,1582,300,11,-74.0,862.0
1502,2017-00-01/18/17,1583,301,11,-75.0,862.0
1505,2017-00-01/19/17,1584,301,11,-77.0,860.0
1506,2017-00-01/20/17,1585,302,11,-76.0,864.0
1504,2017-00-01/21/17,1586,303,11,-72.0,858.0
1508,2017-00-01/22/17,1587,303,11,-73.0,860.0
1507,2017-00-01/23/17,1588,304,11,-72.0,858.0
1510,2017-00-01/24/17,1589,304,11,-72.0,857.0
1509,2017-00-01/25/17,1590,305,11,-76.0,860.0
1512,2017-00-01/26/17,1591,306,11,-73.0,852.0
1511,2017-00-01/27/17,1592,306,11,-71.0,857.0
1513,2017-00-01/28/17,1593,307,11,-72.0,852.0
1514,2017-00-01/29/17,1594,307,11,-74.0,855.0
1515,2017-00-01/30/17,1595,308,11,-71.0,855.0
1516,2017-00-01/31/17,1596,309,11,-74.0,850.0
1517,2017-00-02/01/17,1597,309,11,-73.0,855.0
1519,2017-00-02/03/17,1598,310,11,-70.0,849.0
1518,2017-00-02/04/17,1599,310,11,-72.0,853.0
1520,2017-00-02/05/17,1600,311,11,-71.0,850.0
1522,2017-00-02/06/17,1601,312,11,-71.0,853.0
1521,2017-00-02/07/17,1602,312,11,-77.0,852.0
1523,2017-00-02/08/17,1603,313,11,-76.0,847.0
1524,2017-00-02/09/17,1604,313,11,-77.0,850.0
1526,2017-00-02/10/17,1605,314,11,-73.0,846.0
1525,2017-00-02/11/17,1606,315,11,-75.0,850.0
1528,2017-00-02/12/17,1607,315,11,-77.0,846.0
1527,2017-00-02/13/17,1608,316,11,-72.0,847.0
1529,2017-00-02/14/17,1609,316,11,-71.0,847.0
1534,2017-00-02/18/17,1613,319,11,-72.0,846.0
1533,2017-00-02/19/17,1614,319,11,-73.0,837.0
1536,2017-00-02/20/17,1615,320,11,-73.0,842.0
1535,2017-00-02/21/17,1616,320,11,-73.0,848.0
1537,2017-00-02/22/17,1617,321,11,-72.0,840.0
1540,2017-00-02/23/17,1618,322,11,-71.0,845.0
1538,2017-00-02/24/17,1619,322,11,-73.0,841.0
1539,2017-00-02/25/17,1620,323,11,-70.0,844.0
1541,2017-00-02/26/17,1621,323,11,-73.0,842.0
1542,2017-00-02/27/17,1622,324,11,-71.0,841.0
1544,2017-00-02/28/17,1623,324,11,-71.0,840.0
1543,2017-00-03/01/17,1624,325,11,-72.0,837.0
1546,2017-00-03/02/17,1625,326,11,-71.0,839.0
1545,2017-00-03/03/17,1626,326,11,-71.0,839.0
1547,2017-00-03/04/17,1627,327,11,-72.0,838.0
1549,2017-00-03/05/17,1628,327,11,-71.0,839.0
1548,2017-00-03/06/17,1629,328,11,-74.0,837.0
1551,2017-00-03/07/17,1630,328,11,-77.0,838.0
1550,2017-00-03/08/17,1631,329,11,-77.0,837.0
1552,2017-00-03/09/17,1632,330,12,-72.0,836.0
1554,2017-00-03/10/17,1633,330,12,-75.0,834.0
1553,2017-00-03/12/17,1634,331,12,-72.0,834.0
1555,2017-00-03/13/17,1635,331,12,-73.0,833.0
1556,2017-00-03/14/17,1636,332,12,-72.0,834.0
1557,2017-00-03/15/17,1637,332,12,-73.0,833.0
1559,2017-00-03/16/17,1638,333,12,-73.0,833.0
1558,2017-00-03/17/17,1639,334,12,-71.0,832.0
1561,2017-00-03/18/17,1640,334,12,-72.0,832.0
1560,2017-00-03/19/17,1641,335,12,-72.0,831.0
1564,2017-00-03/20/17,1642,335,12,-72.0,829.0
1563,2017-00-03/21/17,1643,336,12,-74.0,832.0
1562,2017-00-03/22/17,1644,336,12,-74.0,832.0
1567,2017-00-03/23/17,1645,337,12,-74.0,832.0
1565,2017-00-03/24/17,1646,337,12,-74.0,831.0
1566,2017-00-03/25/17,1647,338,12,-73.0,831.0
1568,2017-00-03/26/17,1648,339,12,-73.0,830.0
1569,2017-00-03/27/17,1649,339,12,-74.0,830.0
1570,2017-00-03/28/17,1650,340,12,-75.0,833.0
1571,2017-00-03/29/17,1651,340,12,-77.0,833.0
1572,2017-00-03/30/17,1652,341,12,-76.0,834.0
1573,2017-00-03/31/17,1653,341,12,-75.0,833.0
1575,2017-00-04/01/17,1654,342,12,-75.0,829.0
1574,2017-00-04/02/17,1655,342,12,-76.0,831.0
1576,2017-00-04/03/17,1656,343,12,-75.0,832.0
1578,2017-00-04/04/17,1657,343,12,-75.0,836.0
1577,2017-00-04/05/17,1658,344,12,-77.0,835.0
1579,2017-00-04/06/17,1659,345,12,-77.0,832.0
1581,2017-00-04/07/17,1660,345,12,-74.0,832.0
1580,2017-00-04/08/17,1661,346,12,-75.0,831.0
1583,2017-00-04/09/17,1662,346,12,-75.0,831.0
1584,2017-00-04/10/17,1663,347,12,-74.0,832.0
1586,2017-00-04/11/17,1664,347,12,-74.0,832.0
1585,2017-00-04/12/17,1665,348,12,-76.0,833.0
1582,2017-00-04/13/17,1666,348,12,-76.0,834.0
1588,2017-00-04/14/17,1667,349,12,-76.0,833.0
1587,2017-00-04/15/17,1668,349,12,-77.0,831.0
1589,2017-00-04/16/17,1669,350,12,-74.0,833.0
1590,2017-00-04/18/17,1670,350,12,-76.0,834.0
1591,2017-00-04/19/17,1671,351,12,-76.0,832.0
1592,2017-00-04/20/17,1672,351,12,-74.0,833.0
1594,2017-00-04/21/17,1673,352,12,-75.0,836.0
1593,2017-00-04/22/17,1674,352,12,-75.0,835.0
1595,2017-00-04/23/17,1675,353,12,-75.0,835.0
1596,2017-00-04/24/17,1676,354,12,-76.0,837.0
1597,2017-00-04/25/17,1677,354,12,-74.0,835.0
1598,2017-00-04/26/17,1678,355,12,-74.0,836.0
1599,2017-00-04/27/17,1679,355,12,-75.0,836.0
1601,2017-00-04/28/17,1680,356,12,-74.0,835.0
1602,2017-00-04/29/17,1681,356,12,-74.0,837.0
1603,2017-00-04/30/17,1682,357,12,-76.0,839.0
1600,2017-00-05/01/17,1683,357,12,-75.0,837.0
1604,2017-00-05/02/17,1684,358,12,-75.0,837.0
1605,2017-00-05/03/17,1685,358,12,-77.0,838.0
1607,2017-00-05/04/17,1686,359,12,-75.0,838.0
1608,2017-00-05/05/17,1687,359,12,-75.0,838.0
1606,2017-00-05/06/17,1688,0,1,-76.0,840.0
1610,2017-00-05/07/17,1689,0,1,-75.0,840.0
1609,2017-00-05/08/17,1690,1,1,-76.0,840.0
1614,2017-00-05/10/17,1692,2,1,-62.0,820.0
1612,2017-00-05/11/17,1693,2,1,-76.0,840.0
1613,2017-00-05/12/17,1694,3,1,-76.0,840.0
1611,2017-00-05/13/17,1695,3,1,-77.0,840.0
1615,2017-00-05/14/17,1696,4,1,-75.0,841.0
1616,2017-00-05/15/17,1697,4,1,-77.0,841.0
1618,2017-00-05/16/17,1698,5,1,-77.0,842.0
1617,2017-00-05/17/17,1699,5,1,-76.0,843.0
1619,2017-00-05/18/17,1700,6,1,-76.0,842.0
1620,2017-00-05/19/17,1701,6,1,-76.0,841.0
1621,2017-00-05/20/17,1702,7,1,-75.0,842.0
1622,2017-00-05/21/17,1703,7,1,-76.0,843.0
1625,2017-00-05/22/17,1704,8,1,-77.0,844.0
1623,2017-00-05/23/17,1705,8,1,-76.0,845.0
1624,2017-00-05/24/17,1706,9,1,-77.0,845.0
1627,2017-00-05/26/17,1707,9,1,-77.0,846.0
1626,2017-00-05/27/17,1708,10,1,-76.0,846.0
1628,2017-00-05/28/17,1709,10,1,-76.0,847.0
1629,2017-00-05/29/17,1710,11,1,-76.0,848.0
1631,2017-00-05/30/17,1711,11,1,-75.0,848.0
1630,2017-00-05/31/17,1712,12,1,-77.0,849.0
1635,2017-00-06/01/17,1713,12,1,-75.0,850.0
1633,2017-00-06/02/17,1714,13,1,-77.0,849.0
1634,2017-00-06/03/17,1715,13,1,-77.0,851.0
1632,2017-00-06/04/17,1716,14,1,-76.0,850.0
1636,2017-00-06/05/17,1717,14,1,-76.0,851.0
1637,2017-00-06/06/17,1718,15,1,-77.0,852.0
1639,2017-00-06/07/17,1719,15,1,-77.0,853.0
1638,2017-00-06/08/17,1720,16,1,-76.0,853.0
1641,2017-00-06/09/17,1721,16,1,-76.0,852.0
1640,2017-00-06/10/17,1722,17,1,-77.0,854.0
1642,2017-00-06/11/17,1723,17,1,-76.0,854.0
1643,2017-00-06/12/17,1724,18,1,-77.0,856.0
1644,2017-00-06/13/17,1725,18,1,-79.0,857.0
1645,2017-00-06/14/17,1726,19,1,-76.0,855.0
1647,2017-00-06/15/17,1727,19,1,-75.0,855.0
1648,2017-00-06/16/17,1728,20,1,-76.0,855.0
1646,2017-00-06/17/17,1729,20,1,-76.0,858.0
1650,2017-00-06/18/17,1730,21,1,-77.0,858.0
1649,2017-00-06/19/17,1731,21,1,-78.0,857.0
1651,2017-00-06/20/17,1732,22,1,-78.0,858.0
1652,2017-00-06/21/17,1733,22,1,-77.0,859.0
1655,2017-00-06/22/17,1734,23,1,-78.0,859.0
1653,2017-00-06/23/17,1735,23,1,-78.0,861.0
1654,2017-00-06/24/17,1736,23,1,-77.0,860.0
1656,2017-00-06/25/17,1737,24,1,-78.0,861.0
1657,2017-00-06/26/17,1738,24,1,-78.0,861.0
1658,2017-00-06/27/17,1739,25,1,-77.0,861.0
1662,2017-00-06/28/17,1740,25,1,-78.0,861.0
1659,2017-00-06/29/17,1741,26,1,-78.0,863.0
1661,2017-00-06/30/17,1742,26,1,-77.0,865.0
1660,2017-00-07/02/17,1743,27,1,-78.0,863.0
1663,2017-00-07/03/17,1744,27,1,-78.0,863.0
1664,2017-00-07/04/17,1745,28,1,-78.0,865.0
1665,2017-00-07/05/17,1746,28,1,-76.0,866.0
1666,2017-00-07/06/17,1747,29,1,-79.0,866.0
1668,2017-00-07/07/17,1748,29,1,-79.0,867.0
1667,2017-00-07/08/17,1749,30,2,-76.0,867.0
1669,2017-00-07/09/17,1750,30,2,-77.0,867.0
1670,2017-00-07/10/17,1751,31,2,-78.0,867.0
1671,2017-00-07/11/17,1752,31,2,-80.0,867.0
1672,2017-00-07/12/17,1753,32,2,-76.0,868.0
1673,2017-00-07/13/17,1754,32,2,-78.0,870.0
1674,2017-00-07/14/17,1755,32,2,-77.0,870.0
1675,2017-00-07/15/17,1756,33,2,-78.0,871.0
1676,2017-00-07/16/17,1757,33,2,-78.0,871.0
1677,2017-00-07/17/17,1758,34,2,-78.0,871.0
1678,2017-00-07/18/17,1759,34,2,-77.0,871.0
1679,2017-00-07/19/17,1760,35,2,-78.0,872.0
1684,2017-00-07/20/17,1761,35,2,-77.0,872.0
1687,2017-00-07/21/17,1762,36,2,-77.0,872.0
1680,2017-00-07/22/17,1763,36,2,-78.0,873.0
1682,2017-00-07/23/17,1764,37,2,-79.0,872.0
1690,2017-00-07/24/17,1765,37,2,-77.0,873.0
1688,2017-00-07/25/17,1766,38,2,-79.0,873.0
1691,2017-00-07/26/17,1767,38,2,-77.0,874.0
1683,2017-00-07/27/17,1768,39,2,-78.0,875.0
1689,2017-00-07/28/17,1769,39,2,-76.0,875.0
1686,2017-00-07/29/17,1770,39,2,-79.0,875.0
1692,2017-00-07/30/17,1771,40,2,-79.0,876.0
1681,2017-00-07/31/17,1772,40,2,-78.0,876.0
1685,2017-00-08/01/17,1773,41,2,-78.0,876.0
1693,2017-00-08/02/17,1774,41,2,-79.0,877.0
1694,2017-00-08/03/17,1775,42,2,-80.0,877.0
1696,2017-00-08/04/17,1776,42,2,-79.0,877.0
1695,2017-00-08/05/17,1777,43,2,-79.0,877.0
1697,2017-00-08/06/17,1778,43,2,-81.0,877.0
1698,2017-00-08/07/17,1779,44,2,-78.0,878.0
1699,2017-00-08/09/17,1780,44,2,-77.0,879.0
1700,2017-00-08/10/17,1781,45,2,-78.0,879.0
1701,2017-00-08/11/17,1782,45,2,-78.0,878.0
1703,2017-00-08/12/17,1783,45,2,-79.0,879.0
1702,2017-00-08/13/17,1784,46,2,-80.0,883.0
1704,2017-00-08/14/17,1785,46,2,-77.0,881.0
1705,2017-00-08/16/17,1787,47,2,-79.0,881.0
1706,2017-00-08/17/17,1788,48,2,-79.0,881.0
1708,2017-00-08/18/17,1789,48,2,-79.0,881.0
1707,2017-00-08/19/17,1790,49,2,-81.0,882.0
1709,2017-00-08/20/17,1791,49,2,-79.0,882.0
1710,2017-00-08/21/17,1792,50,2,-80.0,883.0
1711,2017-00-08/22/17,1793,50,2,-80.0,883.0
1712,2017-00-08/23/17,1794,50,2,-80.0,883.0
1714,2017-00-08/24/17,1795,51,2,-81.0,882.0
1715,2017-00-08/25/17,1796,51,2,-80.0,883.0
1713,2017-00-08/26/17,1797,52,2,-79.0,884.0
1716,2017-00-08/27/17,1798,52,2,-79.0,883.0
1717,2017-00-08/28/17,1799,53,2,-78.0,883.0
1718,2017-00-08/29/17,1800,53,2,-80.0,883.0
1719,2017-00-08/30/17,1801,54,2,-80.0,882.0
1722,2017-00-08/31/17,1802,54,2,-79.0,882.0
1723,2017-00-09/01/17,1803,55,2,-78.0,882.0
1720,2017-00-09/02/17,1804,55,2,-78.0,883.0
1721,2017-00-09/03/17,1805,55,2,-78.0,883.0
1724,2017-00-09/04/17,1806,56,2,-80.0,884.0
1725,2017-00-09/05/17,1807,56,2,-78.0,884.0
1726,2017-00-09/06/17,1808,57,2,-79.0,884.0
1728,2017-00-09/07/17,1809,57,2,-80.0,884.0
1729,2017-00-09/08/17,1810,58,2,-78.0,883.0
1727,2017-00-09/09/17,1811,58,2,-79.0,882.0
1730,2017-00-09/10/17,1812,59,2,-79.0,882.0
1731,2017-00-09/11/17,1813,59,2,-80.0,881.0
1732,2017-00-09/12/17,1814,59,2,-80.0,881.0
1733,2017-00-09/13/17,1815,60,3,-81.0,881.0
1734,2017-00-09/15/17,1816,60,3,-82.0,882.0
1735,2017-00-09/16/17,1817,61,3,-80.0,882.0
1736,2017-00-09/17/17,1818,61,3,-81.0,881.0
1737,2017-00-09/18/17,1819,62,3,-82.0,880.0
1738,2017-00-09/19/17,1820,62,3,-79.0,881.0
1740,2017-00-09/20/17,1821,63,3,-81.0,882.0
1739,2017-00-09/21/17,1822,63,3,-78.0,881.0
1743,2017-00-09/22/17,1823,64,3,-80.0,879.0
1742,2017-00-09/23/17,1824,64,3,-80.0,879.0
1741,2017-00-09/24/17,1825,64,3,-80.0,878.0
1744,2017-00-09/25/17,1826,65,3,-80.0,878.0
1745,2017-00-09/26/17,1827,65,3,-80.0,879.0
1746,2017-00-09/27/17,1828,66,3,-80.0,878.0
1749,2017-00-09/28/17,1829,66,3,-78.0,877.0
1748,2017-00-09/29/17,1830,67,3,-80.0,877.0
1747,2017-00-09/30/17,1831,67,3,-80.0,876.0
1750,2017-00-10/01/17,1832,68,3,-84.0,875.0
1751,2017-00-10/02/17,1833,68,3,-81.0,875.0
1752,2017-00-10/03/17,1834,68,3,-80.0,875.0
1753,2017-00-10/04/17,1835,69,3,-80.0,873.0
1755,2017-00-10/05/17,1836,69,3,-81.0,873.0
1756,2017-00-10/06/17,1837,70,3,-81.0,872.0
1754,2017-00-10/07/17,1838,70,3,-79.0,872.0
1757,2017-00-10/08/17,1839,71,3,-80.0,872.0
1758,2017-00-10/09/17,1840,71,3,-77.0,871.0
1759,2017-00-10/10/17,1841,72,3,-77.0,870.0
1761,2017-00-10/11/17,1842,72,3,-79.0,869.0
1760,2017-00-10/12/17,1843,72,3,-80.0,869.0
1762,2017-00-10/13/17,1844,73,3,-81.0,869.0
1763,2017-00-10/14/17,1845,73,3,-80.0,868.0
1765,2017-00-10/15/17,1846,74,3,-80.0,868.0
1764,2017-00-10/16/17,1847,74,3,-80.0,866.0
1766,2017-00-10/17/17,1848,75,3,-80.0,865.0
1770,2017-00-10/18/17,1849,75,3,-80.0,864.0
1768,2017-00-10/19/17,1850,76,3,-80.0,864.0
1767,2017-00-10/20/17,1851,76,3,-87.0,864.0
1769,2017-00-10/22/17,1852,77,3,-80.0,863.0
1771,2017-00-10/23/17,1853,77,3,-80.0,862.0
1772,2017-00-10/24/17,1854,77,3,-80.0,861.0
1773,2017-00-10/25/17,1855,78,3,-78.0,861.0
1774,2017-00-10/26/17,1856,78,3,-80.0,859.0
1776,2017-00-10/27/17,1857,79,3,-80.0,858.0
1775,2017-00-10/28/17,1858,79,3,-81.0,857.0
1779,2017-00-10/29/17,1859,80,3,-79.0,857.0
1778,2017-00-10/30/17,1860,80,3,-80.0,857.0
1780,2017-00-10/31/17,1861,81,3,-79.0,855.0
1777,2017-00-11/01/17,1862,81,3,-81.0,854.0
1781,2017-00-11/02/17,1863,81,3,-80.0,853.0
1782,2017-00-11/03/17,1864,82,3,-82.0,852.0
1783,2017-00-11/04/17,1865,82,3,-80.0,852.0
1785,2017-00-11/05/17,1866,83,3,-80.0,850.0
1784,2017-00-11/06/17,1867,83,3,-78.0,848.0
1786,2017-00-11/07/17,1868,84,3,-80.0,848.0
1787,2017-00-11/08/17,1869,84,3,-81.0,846.0
1788,2017-00-11/09/17,1870,85,3,-81.0,845.0
1789,2017-00-11/10/17,1871,85,3,-80.0,844.0
1791,2017-00-11/11/17,1872,86,3,-79.0,843.0
1790,2017-00-11/12/17,1873,86,3,-79.0,842.0
1792,2017-00-11/13/17,1874,86,3,-80.0,840.0
1793,2017-00-11/14/17,1875,87,3,-79.0,839.0
1794,2017-00-11/15/17,1876,87,3,-79.0,838.0
1797,2017-00-11/16/17,1877,88,3,-79.0,837.0
1795,2017-00-11/17/17,1878,88,3,-79.0,835.0
1796,2017-00-11/18/17,1879,89,3,-79.0,834.0
1798,2017-00-11/19/17,1880,89,3,-79.0,833.0
1803,2017-00-11/20/17,1881,90,4,-79.0,832.0
1801,2017-00-11/21/17,1882,90,4,-78.0,831.0
1800,2017-00-11/22/17,1883,91,4,-78.0,830.0
1799,2017-00-11/23/17,1884,91,4,-79.0,829.0
1804,2017-00-11/24/17,1885,91,4,-79.0,827.0
1805,2017-00-11/25/17,1886,92,4,-79.0,826.0
1802,2017-00-11/26/17,1887,92,4,-79.0,824.0
1807,2017-00-11/27/17,1888,93,4,-79.0,823.0
1806,2017-00-11/29/17,1889,93,4,-80.0,822.0
1808,2017-00-11/30/17,1890,94,4,-79.0,821.0
1810,2017-00-12/01/17,1891,94,4,-80.0,819.0
1809,2017-00-12/02/17,1892,95,4,-81.0,817.0
1812,2017-00-12/03/17,1893,95,4,-79.0,816.0
1811,2017-00-12/04/17,1894,96,4,-79.0,815.0
1814,2017-00-12/05/17,1895,96,4,-78.0,814.0
1813,2017-00-12/06/17,1896,96,4,-79.0,812.0
1817,2017-00-12/07/17,1897,97,4,-80.0,811.0
1816,2017-00-12/08/17,1898,97,4,-81.0,810.0
1815,2017-00-12/09/17,1899,98,4,-81.0,808.0
1818,2017-00-12/10/17,1900,98,4,-81.0,807.0
1819,2017-00-12/11/17,1901,99,4,-81.0,806.0
1820,2017-00-12/12/17,1902,99,4,-79.0,804.0
1821,2017-00-12/13/17,1903,100,4,-78.0,803.0
1822,2017-00-12/14/17,1904,100,4,-79.0,801.0
1823,2017-00-12/15/17,1905,101,4,-80.0,800.0
1824,2017-00-12/16/17,1906,101,4,-79.0,799.0
1825,2017-00-12/17/17,1907,101,4,-79.0,798.0
1826,2017-00-12/18/17,1908,102,4,-79.0,796.0
1827,2017-00-12/19/17,1909,102,4,-80.0,795.0
1828,2017-00-12/20/17,1910,103,4,-80.0,794.0
1833,2017-00-12/21/17,1911,103,4,-79.0,792.0
1832,2017-00-12/22/17,1912,104,4,-80.0,791.0
1830,2017-00-12/23/17,1913,104,4,-79.0,791.0
1834,2017-00-12/24/17,1914,105,4,-78.0,790.0
1835,2017-00-12/25/17,1915,105,4,-78.0,788.0
1829,2017-00-12/26/17,1916,106,4,-79.0,787.0
1831,2017-00-12/27/17,1917,106,4,-80.0,786.0
1839,2017-00-12/28/17,1918,107,4,-77.0,784.0
1836,2017-00-12/29/17,1919,107,4,-77.0,783.0
1837,2017-00-12/30/17,1920,108,4,-77.0,782.0
1838,2017-00-12/31/17,1921,108,4,-78.0,781.0
1840,2018-00-01/01/18,1922,108,4,-79.0,780.0
1842,2018-00-01/02/18,1923,109,4,-77.0,778.0
1841,2018-00-01/03/18,1924,109,4,-78.0,777.0
1844,2018-00-01/05/18,1925,110,4,-79.0,777.0
1843,2018-00-01/06/18,1926,110,4,-80.0,775.0
1845,2018-00-01/07/18,1927,111,4,-79.0,774.0
1847,2018-00-01/08/18,1928,111,4,-78.0,773.0
1846,2018-00-01/09/18,1929,112,4,-79.0,771.0
1848,2018-00-01/10/18,1930,112,4,-79.0,770.0
1849,2018-00-01/11/18,1931,113,4,-79.0,770.0
1850,2018-00-01/12/18,1932,113,4,-79.0,768.0
1852,2018-00-01/13/18,1933,114,4,-78.0,767.0
1851,2018-00-01/14/18,1934,114,4,-79.0,766.0
1853,2018-00-01/15/18,1935,115,4,-80.0,765.0
1855,2018-00-01/16/18,1936,115,4,-79.0,764.0
1854,2018-00-01/17/18,1937,116,4,-80.0,763.0
1859,2018-00-01/18/18,1938,116,4,-78.0,762.0
1857,2018-00-01/19/18,1939,116,4,-78.0,760.0
1858,2018-00-01/20/18,1940,117,4,-77.0,759.0
1856,2018-00-01/21/18,1941,117,4,-77.0,758.0
1860,2018-00-01/22/18,1942,118,4,-78.0,757.0
1863,2018-00-01/23/18,1943,118,4,-78.0,756.0
1861,2018-00-01/24/18,1944,119,4,-80.0,755.0
1862,2018-00-01/25/18,1945,119,4,-78.0,754.0
1864,2018-00-01/26/18,1946,120,5,-79.0,753.0
1865,2018-00-01/27/18,1947,120,5,-78.0,751.0
1866,2018-00-01/28/18,1948,121,5,-78.0,752.0
1867,2018-00-01/29/18,1949,121,5,-78.0,751.0
1868,2018-00-01/30/18,1950,122,5,-79.0,750.0
1869,2018-00-01/31/18,1951,122,5,-77.0,749.0
1871,2018-00-02/01/18,1952,123,5,-80.0,748.0
1870,2018-00-02/02/18,1953,123,5,-78.0,747.0
1872,2018-00-02/03/18,1954,124,5,-77.0,745.0
1873,2018-00-02/04/18,1955,124,5,-77.0,745.0
1879,2018-00-02/05/18,1956,125,5,-79.0,744.0
1875,2018-00-02/06/18,1957,125,5,-77.0,742.0
1874,2018-00-02/07/18,1958,126,5,-77.0,741.0
1878,2018-00-02/08/18,1959,126,5,-78.0,740.0
1876,2018-00-02/09/18,1960,127,5,-78.0,740.0
1877,2018-00-02/11/18,1961,127,5,-77.0,740.0
1880,2018-00-02/12/18,1962,128,5,-78.0,738.0
1881,2018-00-02/13/18,1963,128,5,-77.0,737.0
1882,2018-00-02/14/18,1964,129,5,-76.0,736.0
1883,2018-00-02/15/18,1965,129,5,-76.0,735.0
1884,2018-00-02/16/18,1966,130,5,-77.0,735.0
1885,2018-00-02/17/18,1967,130,5,-76.0,734.0
1886,2018-00-02/18/18,1968,131,5,-76.0,732.0
1887,2018-00-02/19/18,1969,131,5,-76.0,732.0
1888,2018-00-02/20/18,1970,132,5,-77.0,731.0
1890,2018-00-02/21/18,1971,132,5,-78.0,731.0
1891,2018-00-02/22/18,1972,133,5,-78.0,730.0
1889,2018-00-02/23/18,1973,133,5,-78.0,730.0
1892,2018-00-02/24/18,1974,134,5,-77.0,729.0
1894,2018-00-02/25/18,1975,134,5,-76.0,729.0
1893,2018-00-02/26/18,1976,135,5,-77.0,728.0
1895,2018-00-02/27/18,1977,135,5,-77.0,727.0
